Known_miRNA,Known_length,Known_Start,Known_End,Known_mature_sequence,Genome_id,Length,Start,End,Mature_sequence,Similarities?
hsa-miR-100-5p_MIMAT0000098_Homo_sapiens_miR-100-5p,22,1,22,aacccgtagatccgaacttgtg,chromosome_7_58175,22,19,40,aacccgtagatccgaacttgtg,mmmmmmmmmmmmmmmmmmmmmm
hsa-miR-100-5p_MIMAT0000098_Homo_sapiens_miR-100-5p,22,1,22,aacccgtagatccgaacttgtg,chromosome_7_58176,22,69,90,aacccgtagatccgaacttgtg,mmmmmmmmmmmmmmmmmmmmmm
mmu-miR-100-5p_MIMAT0000655_Mus_musculus_miR-100-5p,22,1,22,aacccgtagatccgaacttgtg,chromosome_7_58176,22,69,90,aacccgtagatccgaacttgtg,mmmmmmmmmmmmmmmmmmmmmm
mmu-miR-100-5p_MIMAT0000655_Mus_musculus_miR-100-5p,22,1,22,aacccgtagatccgaacttgtg,chromosome_7_58175,22,19,40,aacccgtagatccgaacttgtg,mmmmmmmmmmmmmmmmmmmmmm
rno-miR-100-5p_MIMAT0000822_Rattus_norvegicus_miR-100-5p,22,1,22,aacccgtagatccgaacttgtg,chromosome_7_58176,22,69,90,aacccgtagatccgaacttgtg,mmmmmmmmmmmmmmmmmmmmmm
rno-miR-100-5p_MIMAT0000822_Rattus_norvegicus_miR-100-5p,22,1,22,aacccgtagatccgaacttgtg,chromosome_7_58175,22,19,40,aacccgtagatccgaacttgtg,mmmmmmmmmmmmmmmmmmmmmm
gga-miR-100-5p_MIMAT0001178_Gallus_gallus_miR-100-5p,22,1,22,aacccgtagatccgaacttgtg,chromosome_7_58176,22,69,90,aacccgtagatccgaacttgtg,mmmmmmmmmmmmmmmmmmmmmm
gga-miR-100-5p_MIMAT0001178_Gallus_gallus_miR-100-5p,22,1,22,aacccgtagatccgaacttgtg,chromosome_7_58175,22,19,40,aacccgtagatccgaacttgtg,mmmmmmmmmmmmmmmmmmmmmm
aga-miR-100_MIMAT0001498_Anopheles_gambiae_miR-100,22,1,22,aacccgtagatccgaacttgtg,chromosome_7_58176,22,69,90,aacccgtagatccgaacttgtg,mmmmmmmmmmmmmmmmmmmmmm
aga-miR-100_MIMAT0001498_Anopheles_gambiae_miR-100,22,1,22,aacccgtagatccgaacttgtg,chromosome_7_58175,22,19,40,aacccgtagatccgaacttgtg,mmmmmmmmmmmmmmmmmmmmmm
dre-miR-100-5p_MIMAT0001813_Danio_rerio_miR-100-5p,22,1,22,aacccgtagatccgaacttgtg,chromosome_7_58175,22,19,40,aacccgtagatccgaacttgtg,mmmmmmmmmmmmmmmmmmmmmm
dre-miR-100-5p_MIMAT0001813_Danio_rerio_miR-100-5p,22,1,22,aacccgtagatccgaacttgtg,chromosome_7_58176,22,69,90,aacccgtagatccgaacttgtg,mmmmmmmmmmmmmmmmmmmmmm
ggo-miR-100_MIMAT0002417_Gorilla_gorilla_miR-100,22,1,22,aacccgtagatccgaacttgtg,chromosome_7_58175,22,19,40,aacccgtagatccgaacttgtg,mmmmmmmmmmmmmmmmmmmmmm
ggo-miR-100_MIMAT0002417_Gorilla_gorilla_miR-100,22,1,22,aacccgtagatccgaacttgtg,chromosome_7_58176,22,69,90,aacccgtagatccgaacttgtg,mmmmmmmmmmmmmmmmmmmmmm
age-miR-100_MIMAT0002418_Ateles_geoffroyi_miR-100,22,1,22,aacccgtagatccgaacttgtg,chromosome_7_58175,22,19,40,aacccgtagatccgaacttgtg,mmmmmmmmmmmmmmmmmmmmmm
age-miR-100_MIMAT0002418_Ateles_geoffroyi_miR-100,22,1,22,aacccgtagatccgaacttgtg,chromosome_7_58176,22,69,90,aacccgtagatccgaacttgtg,mmmmmmmmmmmmmmmmmmmmmm
ppa-miR-100_MIMAT0002419_Pan_paniscus_miR-100,22,1,22,aacccgtagatccgaacttgtg,chromosome_7_58176,22,69,90,aacccgtagatccgaacttgtg,mmmmmmmmmmmmmmmmmmmmmm
ppa-miR-100_MIMAT0002419_Pan_paniscus_miR-100,22,1,22,aacccgtagatccgaacttgtg,chromosome_7_58175,22,19,40,aacccgtagatccgaacttgtg,mmmmmmmmmmmmmmmmmmmmmm
ppy-miR-100_MIMAT0002420_Pongo_pygmaeus_miR-100,22,1,22,aacccgtagatccgaacttgtg,chromosome_7_58176,22,69,90,aacccgtagatccgaacttgtg,mmmmmmmmmmmmmmmmmmmmmm
ppy-miR-100_MIMAT0002420_Pongo_pygmaeus_miR-100,22,1,22,aacccgtagatccgaacttgtg,chromosome_7_58175,22,19,40,aacccgtagatccgaacttgtg,mmmmmmmmmmmmmmmmmmmmmm
ptr-miR-100_MIMAT0002421_Pan_troglodytes_miR-100,22,1,22,aacccgtagatccgaacttgtg,chromosome_7_58176,22,69,90,aacccgtagatccgaacttgtg,mmmmmmmmmmmmmmmmmmmmmm
ptr-miR-100_MIMAT0002421_Pan_troglodytes_miR-100,22,1,22,aacccgtagatccgaacttgtg,chromosome_7_58175,22,19,40,aacccgtagatccgaacttgtg,mmmmmmmmmmmmmmmmmmmmmm
mml-miR-100-5p_MIMAT0002422_Macaca_mulatta_miR-100-5p,22,1,22,aacccgtagatccgaacttgtg,chromosome_7_58175,22,19,40,aacccgtagatccgaacttgtg,mmmmmmmmmmmmmmmmmmmmmm
mml-miR-100-5p_MIMAT0002422_Macaca_mulatta_miR-100-5p,22,1,22,aacccgtagatccgaacttgtg,chromosome_7_58176,22,69,90,aacccgtagatccgaacttgtg,mmmmmmmmmmmmmmmmmmmmmm
sla-miR-100_MIMAT0002423_Saguinus_labiatus_miR-100,22,1,22,aacccgtagatccgaacttgtg,chromosome_7_58175,22,19,40,aacccgtagatccgaacttgtg,mmmmmmmmmmmmmmmmmmmmmm
sla-miR-100_MIMAT0002423_Saguinus_labiatus_miR-100,22,1,22,aacccgtagatccgaacttgtg,chromosome_7_58176,22,69,90,aacccgtagatccgaacttgtg,mmmmmmmmmmmmmmmmmmmmmm
lla-miR-100_MIMAT0002424_Lagothrix_lagotricha_miR-100,22,1,22,aacccgtagatccgaacttgtg,chromosome_7_58176,22,69,90,aacccgtagatccgaacttgtg,mmmmmmmmmmmmmmmmmmmmmm
lla-miR-100_MIMAT0002424_Lagothrix_lagotricha_miR-100,22,1,22,aacccgtagatccgaacttgtg,chromosome_7_58175,22,19,40,aacccgtagatccgaacttgtg,mmmmmmmmmmmmmmmmmmmmmm
fru-miR-100_MIMAT0003063_Fugu_rubripes_miR-100,22,1,22,aacccgtagatccgaacttgtg,chromosome_7_58175,22,19,40,aacccgtagatccgaacttgtg,mmmmmmmmmmmmmmmmmmmmmm
fru-miR-100_MIMAT0003063_Fugu_rubripes_miR-100,22,1,22,aacccgtagatccgaacttgtg,chromosome_7_58176,22,69,90,aacccgtagatccgaacttgtg,mmmmmmmmmmmmmmmmmmmmmm
tni-miR-100_MIMAT0003064_Tetraodon_nigroviridis_miR-100,22,1,22,aacccgtagatccgaacttgtg,chromosome_7_58175,22,19,40,aacccgtagatccgaacttgtg,mmmmmmmmmmmmmmmmmmmmmm
tni-miR-100_MIMAT0003064_Tetraodon_nigroviridis_miR-100,22,1,22,aacccgtagatccgaacttgtg,chromosome_7_58176,22,69,90,aacccgtagatccgaacttgtg,mmmmmmmmmmmmmmmmmmmmmm
xtr-miR-100_MIMAT0003682_Xenopus_tropicalis_miR-100,22,1,22,aacccgtagatccgaacttgtg,chromosome_7_58175,22,19,40,aacccgtagatccgaacttgtg,mmmmmmmmmmmmmmmmmmmmmm
xtr-miR-100_MIMAT0003682_Xenopus_tropicalis_miR-100,22,1,22,aacccgtagatccgaacttgtg,chromosome_7_58176,22,69,90,aacccgtagatccgaacttgtg,mmmmmmmmmmmmmmmmmmmmmm
mdo-miR-100-5p_MIMAT0004097_Monodelphis_domestica_miR-100-5p,21,1,21,aacccgtagatccgaacttgt,chromosome_7_58176,21,69,89,aacccgtagatccgaacttgt,mmmmmmmmmmmmmmmmmmmmm
mdo-miR-100-5p_MIMAT0004097_Monodelphis_domestica_miR-100-5p,21,1,21,aacccgtagatccgaacttgt,chromosome_7_58175,21,19,39,aacccgtagatccgaacttgt,mmmmmmmmmmmmmmmmmmmmm
ame-miR-100-5p_MIMAT0004420_Apis_mellifera_miR-100-5p,22,1,22,aacccgtagatccgaacttgtg,chromosome_7_58176,22,69,90,aacccgtagatccgaacttgtg,mmmmmmmmmmmmmmmmmmmmmm
ame-miR-100-5p_MIMAT0004420_Apis_mellifera_miR-100-5p,22,1,22,aacccgtagatccgaacttgtg,chromosome_7_58175,22,19,40,aacccgtagatccgaacttgtg,mmmmmmmmmmmmmmmmmmmmmm
mmu-miR-466i-5p_MIMAT0017325_Mus_musculus_miR-466i-5p,20,1,20,tgtgtgtgtgtgtgtgtgtg,chromosome_11_95100,20,68,87,tgtgtgtgtgtgtgtgtgtg,mmmmmmmmmmmmmmmmmmmm
mmu-miR-466i-5p_MIMAT0017325_Mus_musculus_miR-466i-5p,20,1,20,tgtgtgtgtgtgtgtgtgtg,chromosome_11_95100,20,66,85,tgtgtgtgtgtgtgtgtgtg,mmmmmmmmmmmmmmmmmmmm
mmu-miR-466i-5p_MIMAT0017325_Mus_musculus_miR-466i-5p,20,1,20,tgtgtgtgtgtgtgtgtgtg,chromosome_11_95100,20,64,83,tgtgtgtgtgtgtgtgtgtg,mmmmmmmmmmmmmmmmmmmm
mmu-miR-466i-5p_MIMAT0017325_Mus_musculus_miR-466i-5p,20,1,20,tgtgtgtgtgtgtgtgtgtg,chromosome_11_95100,20,62,81,tgtgtgtgtgtgtgtgtgtg,mmmmmmmmmmmmmmmmmmmm
mmu-miR-466i-5p_MIMAT0017325_Mus_musculus_miR-466i-5p,20,1,20,tgtgtgtgtgtgtgtgtgtg,chromosome_11_95100,20,60,79,tgtgtgtgtgtgtgtgtgtg,mmmmmmmmmmmmmmmmmmmm
mmu-miR-466i-5p_MIMAT0017325_Mus_musculus_miR-466i-5p,20,1,20,tgtgtgtgtgtgtgtgtgtg,chromosome_11_95100,20,58,77,tgtgtgtgtgtgtgtgtgtg,mmmmmmmmmmmmmmmmmmmm
mmu-miR-466i-5p_MIMAT0017325_Mus_musculus_miR-466i-5p,20,1,20,tgtgtgtgtgtgtgtgtgtg,chromosome_11_95100,20,56,75,tgtgtgtgtgtgtgtgtgtg,mmmmmmmmmmmmmmmmmmmm
mmu-miR-466i-5p_MIMAT0017325_Mus_musculus_miR-466i-5p,20,1,20,tgtgtgtgtgtgtgtgtgtg,chromosome_11_95100,20,54,73,tgtgtgtgtgtgtgtgtgtg,mmmmmmmmmmmmmmmmmmmm
mmu-miR-466i-5p_MIMAT0017325_Mus_musculus_miR-466i-5p,20,1,20,tgtgtgtgtgtgtgtgtgtg,chromosome_11_95100,20,52,71,tgtgtgtgtgtgtgtgtgtg,mmmmmmmmmmmmmmmmmmmm
mmu-miR-466i-5p_MIMAT0017325_Mus_musculus_miR-466i-5p,20,1,20,tgtgtgtgtgtgtgtgtgtg,chromosome_11_95100,20,50,69,tgtgtgtgtgtgtgtgtgtg,mmmmmmmmmmmmmmmmmmmm
mmu-miR-466i-5p_MIMAT0017325_Mus_musculus_miR-466i-5p,20,1,20,tgtgtgtgtgtgtgtgtgtg,chromosome_11_95100,20,48,67,tgtgtgtgtgtgtgtgtgtg,mmmmmmmmmmmmmmmmmmmm
mmu-miR-466i-5p_MIMAT0017325_Mus_musculus_miR-466i-5p,20,1,20,tgtgtgtgtgtgtgtgtgtg,chromosome_11_95100,20,46,65,tgtgtgtgtgtgtgtgtgtg,mmmmmmmmmmmmmmmmmmmm
mmu-miR-466i-5p_MIMAT0017325_Mus_musculus_miR-466i-5p,20,1,20,tgtgtgtgtgtgtgtgtgtg,chromosome_11_95100,20,44,63,tgtgtgtgtgtgtgtgtgtg,mmmmmmmmmmmmmmmmmmmm
mmu-miR-466i-5p_MIMAT0017325_Mus_musculus_miR-466i-5p,20,1,20,tgtgtgtgtgtgtgtgtgtg,chromosome_11_95100,20,42,61,tgtgtgtgtgtgtgtgtgtg,mmmmmmmmmmmmmmmmmmmm
mmu-miR-466i-5p_MIMAT0017325_Mus_musculus_miR-466i-5p,20,1,20,tgtgtgtgtgtgtgtgtgtg,chromosome_11_95100,20,40,59,tgtgtgtgtgtgtgtgtgtg,mmmmmmmmmmmmmmmmmmmm
mmu-miR-466i-5p_MIMAT0017325_Mus_musculus_miR-466i-5p,20,1,20,tgtgtgtgtgtgtgtgtgtg,chromosome_11_95100,20,38,57,tgtgtgtgtgtgtgtgtgtg,mmmmmmmmmmmmmmmmmmmm
mmu-miR-466i-5p_MIMAT0017325_Mus_musculus_miR-466i-5p,20,1,20,tgtgtgtgtgtgtgtgtgtg,chromosome_11_95100,20,36,55,tgtgtgtgtgtgtgtgtgtg,mmmmmmmmmmmmmmmmmmmm
mmu-miR-466i-5p_MIMAT0017325_Mus_musculus_miR-466i-5p,20,1,20,tgtgtgtgtgtgtgtgtgtg,chromosome_11_95100,20,34,53,tgtgtgtgtgtgtgtgtgtg,mmmmmmmmmmmmmmmmmmmm
mmu-miR-466i-5p_MIMAT0017325_Mus_musculus_miR-466i-5p,20,1,20,tgtgtgtgtgtgtgtgtgtg,chromosome_11_95100,20,32,51,tgtgtgtgtgtgtgtgtgtg,mmmmmmmmmmmmmmmmmmmm
mmu-miR-466i-5p_MIMAT0017325_Mus_musculus_miR-466i-5p,20,1,20,tgtgtgtgtgtgtgtgtgtg,chromosome_11_95100,20,30,49,tgtgtgtgtgtgtgtgtgtg,mmmmmmmmmmmmmmmmmmmm
mmu-miR-466i-5p_MIMAT0017325_Mus_musculus_miR-466i-5p,20,1,20,tgtgtgtgtgtgtgtgtgtg,chromosome_11_95100,20,28,47,tgtgtgtgtgtgtgtgtgtg,mmmmmmmmmmmmmmmmmmmm
mmu-miR-466i-5p_MIMAT0017325_Mus_musculus_miR-466i-5p,20,1,20,tgtgtgtgtgtgtgtgtgtg,chromosome_11_95099,20,78,97,tgtgtgtgtgtgtgtgtgtg,mmmmmmmmmmmmmmmmmmmm
mmu-miR-466i-5p_MIMAT0017325_Mus_musculus_miR-466i-5p,20,1,20,tgtgtgtgtgtgtgtgtgtg,chromosome_3_18780,20,35,54,tgtgtgtgtgtgtgtgtgtg,mmmmmmmmmmmmmmmmmmmm
mmu-miR-466i-5p_MIMAT0017325_Mus_musculus_miR-466i-5p,20,1,20,tgtgtgtgtgtgtgtgtgtg,chromosome_2_12224,20,54,73,tgtgtgtgtgtgtgtgtgtg,mmmmmmmmmmmmmmmmmmmm
mmu-miR-466i-5p_MIMAT0017325_Mus_musculus_miR-466i-5p,20,1,20,tgtgtgtgtgtgtgtgtgtg,chromosome_2_12223,20,4,23,tgtgtgtgtgtgtgtgtgtg,mmmmmmmmmmmmmmmmmmmm
mmu-miR-466i-5p_MIMAT0017325_Mus_musculus_miR-466i-5p,20,1,20,tgtgtgtgtgtgtgtgtgtg,chromosome_11_95099,20,80,99,tgtgtgtgtgtgtgtgtgtg,mmmmmmmmmmmmmmmmmmmm
mmu-miR-466i-5p_MIMAT0017325_Mus_musculus_miR-466i-5p,20,1,20,tgtgtgtgtgtgtgtgtgtg,chromosome_3_18780,20,37,56,tgtgtgtgtgtgtgtgtgtg,mmmmmmmmmmmmmmmmmmmm
mmu-miR-466i-5p_MIMAT0017325_Mus_musculus_miR-466i-5p,20,1,20,tgtgtgtgtgtgtgtgtgtg,chromosome_2_12224,20,56,75,tgtgtgtgtgtgtgtgtgtg,mmmmmmmmmmmmmmmmmmmm
mmu-miR-466i-5p_MIMAT0017325_Mus_musculus_miR-466i-5p,20,1,20,tgtgtgtgtgtgtgtgtgtg,chromosome_2_12223,20,6,25,tgtgtgtgtgtgtgtgtgtg,mmmmmmmmmmmmmmmmmmmm
mmu-miR-466i-5p_MIMAT0017325_Mus_musculus_miR-466i-5p,20,1,20,tgtgtgtgtgtgtgtgtgtg,chromosome_11_95099,20,82,101,tgtgtgtgtgtgtgtgtgtg,mmmmmmmmmmmmmmmmmmmm
mmu-miR-466i-5p_MIMAT0017325_Mus_musculus_miR-466i-5p,20,1,20,tgtgtgtgtgtgtgtgtgtg,chromosome_3_18780,20,39,58,tgtgtgtgtgtgtgtgtgtg,mmmmmmmmmmmmmmmmmmmm
mmu-miR-466i-5p_MIMAT0017325_Mus_musculus_miR-466i-5p,20,1,20,tgtgtgtgtgtgtgtgtgtg,chromosome_2_12224,20,58,77,tgtgtgtgtgtgtgtgtgtg,mmmmmmmmmmmmmmmmmmmm
mmu-miR-466i-5p_MIMAT0017325_Mus_musculus_miR-466i-5p,20,1,20,tgtgtgtgtgtgtgtgtgtg,chromosome_2_12223,20,8,27,tgtgtgtgtgtgtgtgtgtg,mmmmmmmmmmmmmmmmmmmm
mmu-miR-466i-5p_MIMAT0017325_Mus_musculus_miR-466i-5p,20,1,20,tgtgtgtgtgtgtgtgtgtg,chromosome_11_95099,20,84,103,tgtgtgtgtgtgtgtgtgtg,mmmmmmmmmmmmmmmmmmmm
mmu-miR-466i-5p_MIMAT0017325_Mus_musculus_miR-466i-5p,20,1,20,tgtgtgtgtgtgtgtgtgtg,chromosome_3_18780,20,41,60,tgtgtgtgtgtgtgtgtgtg,mmmmmmmmmmmmmmmmmmmm
mmu-miR-466i-5p_MIMAT0017325_Mus_musculus_miR-466i-5p,20,1,20,tgtgtgtgtgtgtgtgtgtg,chromosome_2_12224,20,60,79,tgtgtgtgtgtgtgtgtgtg,mmmmmmmmmmmmmmmmmmmm
mmu-miR-466i-5p_MIMAT0017325_Mus_musculus_miR-466i-5p,20,1,20,tgtgtgtgtgtgtgtgtgtg,chromosome_2_12223,20,10,29,tgtgtgtgtgtgtgtgtgtg,mmmmmmmmmmmmmmmmmmmm
mmu-miR-466i-5p_MIMAT0017325_Mus_musculus_miR-466i-5p,20,1,20,tgtgtgtgtgtgtgtgtgtg,chromosome_11_95099,20,86,105,tgtgtgtgtgtgtgtgtgtg,mmmmmmmmmmmmmmmmmmmm
mmu-miR-466i-5p_MIMAT0017325_Mus_musculus_miR-466i-5p,20,1,20,tgtgtgtgtgtgtgtgtgtg,chromosome_3_18780,20,43,62,tgtgtgtgtgtgtgtgtgtg,mmmmmmmmmmmmmmmmmmmm
mmu-miR-466i-5p_MIMAT0017325_Mus_musculus_miR-466i-5p,20,1,20,tgtgtgtgtgtgtgtgtgtg,chromosome_2_12224,20,62,81,tgtgtgtgtgtgtgtgtgtg,mmmmmmmmmmmmmmmmmmmm
mmu-miR-466i-5p_MIMAT0017325_Mus_musculus_miR-466i-5p,20,1,20,tgtgtgtgtgtgtgtgtgtg,chromosome_2_12223,20,12,31,tgtgtgtgtgtgtgtgtgtg,mmmmmmmmmmmmmmmmmmmm
mmu-miR-466i-5p_MIMAT0017325_Mus_musculus_miR-466i-5p,20,1,20,tgtgtgtgtgtgtgtgtgtg,chromosome_11_95099,20,88,107,tgtgtgtgtgtgtgtgtgtg,mmmmmmmmmmmmmmmmmmmm
mmu-miR-466i-5p_MIMAT0017325_Mus_musculus_miR-466i-5p,20,1,20,tgtgtgtgtgtgtgtgtgtg,chromosome_3_18780,20,45,64,tgtgtgtgtgtgtgtgtgtg,mmmmmmmmmmmmmmmmmmmm
mmu-miR-466i-5p_MIMAT0017325_Mus_musculus_miR-466i-5p,20,1,20,tgtgtgtgtgtgtgtgtgtg,chromosome_2_12224,20,64,83,tgtgtgtgtgtgtgtgtgtg,mmmmmmmmmmmmmmmmmmmm
mmu-miR-466i-5p_MIMAT0017325_Mus_musculus_miR-466i-5p,20,1,20,tgtgtgtgtgtgtgtgtgtg,chromosome_2_12223,20,14,33,tgtgtgtgtgtgtgtgtgtg,mmmmmmmmmmmmmmmmmmmm
mmu-miR-466i-5p_MIMAT0017325_Mus_musculus_miR-466i-5p,20,1,20,tgtgtgtgtgtgtgtgtgtg,chromosome_2_12224,20,32,51,tgtgtgtgtgtgtgtgtgtg,mmmmmmmmmmmmmmmmmmmm
mmu-miR-466i-5p_MIMAT0017325_Mus_musculus_miR-466i-5p,20,1,20,tgtgtgtgtgtgtgtgtgtg,chromosome_5_38264,20,89,108,tgtgtgtgtgtgtgtgtgtg,mmmmmmmmmmmmmmmmmmmm
mmu-miR-466i-5p_MIMAT0017325_Mus_musculus_miR-466i-5p,20,1,20,tgtgtgtgtgtgtgtgtgtg,chromosome_5_38263,20,39,58,tgtgtgtgtgtgtgtgtgtg,mmmmmmmmmmmmmmmmmmmm
mmu-miR-466i-5p_MIMAT0017325_Mus_musculus_miR-466i-5p,20,1,20,tgtgtgtgtgtgtgtgtgtg,chromosome_9_76246,20,83,102,tgtgtgtgtgtgtgtgtgtg,mmmmmmmmmmmmmmmmmmmm
mmu-miR-466i-5p_MIMAT0017325_Mus_musculus_miR-466i-5p,20,1,20,tgtgtgtgtgtgtgtgtgtg,chromosome_9_76245,20,33,52,tgtgtgtgtgtgtgtgtgtg,mmmmmmmmmmmmmmmmmmmm
mmu-miR-466i-5p_MIMAT0017325_Mus_musculus_miR-466i-5p,20,1,20,tgtgtgtgtgtgtgtgtgtg,chromosome_14_134697,20,78,97,tgtgtgtgtgtgtgtgtgtg,mmmmmmmmmmmmmmmmmmmm
mmu-miR-466i-5p_MIMAT0017325_Mus_musculus_miR-466i-5p,20,1,20,tgtgtgtgtgtgtgtgtgtg,chromosome_14_134698,20,28,47,tgtgtgtgtgtgtgtgtgtg,mmmmmmmmmmmmmmmmmmmm
mmu-miR-466i-5p_MIMAT0017325_Mus_musculus_miR-466i-5p,20,1,20,tgtgtgtgtgtgtgtgtgtg,chromosome_6_48029,20,80,99,tgtgtgtgtgtgtgtgtgtg,mmmmmmmmmmmmmmmmmmmm
mmu-miR-466i-5p_MIMAT0017325_Mus_musculus_miR-466i-5p,20,1,20,tgtgtgtgtgtgtgtgtgtg,chromosome_1_4359,20,80,99,tgtgtgtgtgtgtgtgtgtg,mmmmmmmmmmmmmmmmmmmm
mmu-miR-466i-5p_MIMAT0017325_Mus_musculus_miR-466i-5p,20,1,20,tgtgtgtgtgtgtgtgtgtg,chromosome_2_12953,20,96,115,tgtgtgtgtgtgtgtgtgtg,mmmmmmmmmmmmmmmmmmmm
mmu-miR-466i-5p_MIMAT0017325_Mus_musculus_miR-466i-5p,20,1,20,tgtgtgtgtgtgtgtgtgtg,chromosome_2_12224,20,30,49,tgtgtgtgtgtgtgtgtgtg,mmmmmmmmmmmmmmmmmmmm
mmu-miR-466i-5p_MIMAT0017325_Mus_musculus_miR-466i-5p,20,1,20,tgtgtgtgtgtgtgtgtgtg,chromosome_11_95100,20,88,107,tgtgtgtgtgtgtgtgtgtg,mmmmmmmmmmmmmmmmmmmm
mmu-miR-466i-5p_MIMAT0017325_Mus_musculus_miR-466i-5p,20,1,20,tgtgtgtgtgtgtgtgtgtg,chromosome_5_38264,20,87,106,tgtgtgtgtgtgtgtgtgtg,mmmmmmmmmmmmmmmmmmmm
mmu-miR-466i-5p_MIMAT0017325_Mus_musculus_miR-466i-5p,20,1,20,tgtgtgtgtgtgtgtgtgtg,chromosome_5_38263,20,37,56,tgtgtgtgtgtgtgtgtgtg,mmmmmmmmmmmmmmmmmmmm
mmu-miR-466i-5p_MIMAT0017325_Mus_musculus_miR-466i-5p,20,1,20,tgtgtgtgtgtgtgtgtgtg,chromosome_9_76246,20,81,100,tgtgtgtgtgtgtgtgtgtg,mmmmmmmmmmmmmmmmmmmm
mmu-miR-466i-5p_MIMAT0017325_Mus_musculus_miR-466i-5p,20,1,20,tgtgtgtgtgtgtgtgtgtg,chromosome_9_76245,20,31,50,tgtgtgtgtgtgtgtgtgtg,mmmmmmmmmmmmmmmmmmmm
mmu-miR-466i-5p_MIMAT0017325_Mus_musculus_miR-466i-5p,20,1,20,tgtgtgtgtgtgtgtgtgtg,chromosome_2_12953,20,94,113,tgtgtgtgtgtgtgtgtgtg,mmmmmmmmmmmmmmmmmmmm
mmu-miR-466i-5p_MIMAT0017325_Mus_musculus_miR-466i-5p,20,1,20,tgtgtgtgtgtgtgtgtgtg,chromosome_2_12224,20,28,47,tgtgtgtgtgtgtgtgtgtg,mmmmmmmmmmmmmmmmmmmm
mmu-miR-466i-5p_MIMAT0017325_Mus_musculus_miR-466i-5p,20,1,20,tgtgtgtgtgtgtgtgtgtg,chromosome_11_95100,20,86,105,tgtgtgtgtgtgtgtgtgtg,mmmmmmmmmmmmmmmmmmmm
mmu-miR-466i-5p_MIMAT0017325_Mus_musculus_miR-466i-5p,20,1,20,tgtgtgtgtgtgtgtgtgtg,chromosome_9_76246,20,79,98,tgtgtgtgtgtgtgtgtgtg,mmmmmmmmmmmmmmmmmmmm
mmu-miR-466i-5p_MIMAT0017325_Mus_musculus_miR-466i-5p,20,1,20,tgtgtgtgtgtgtgtgtgtg,chromosome_9_76245,20,29,48,tgtgtgtgtgtgtgtgtgtg,mmmmmmmmmmmmmmmmmmmm
mmu-miR-466i-5p_MIMAT0017325_Mus_musculus_miR-466i-5p,20,1,20,tgtgtgtgtgtgtgtgtgtg,chromosome_2_12224,20,26,45,tgtgtgtgtgtgtgtgtgtg,mmmmmmmmmmmmmmmmmmmm
mmu-miR-466i-5p_MIMAT0017325_Mus_musculus_miR-466i-5p,20,1,20,tgtgtgtgtgtgtgtgtgtg,chromosome_11_95100,20,84,103,tgtgtgtgtgtgtgtgtgtg,mmmmmmmmmmmmmmmmmmmm
mmu-miR-466i-5p_MIMAT0017325_Mus_musculus_miR-466i-5p,20,1,20,tgtgtgtgtgtgtgtgtgtg,chromosome_9_76246,20,77,96,tgtgtgtgtgtgtgtgtgtg,mmmmmmmmmmmmmmmmmmmm
mmu-miR-466i-5p_MIMAT0017325_Mus_musculus_miR-466i-5p,20,1,20,tgtgtgtgtgtgtgtgtgtg,chromosome_9_76245,20,27,46,tgtgtgtgtgtgtgtgtgtg,mmmmmmmmmmmmmmmmmmmm
mmu-miR-466i-5p_MIMAT0017325_Mus_musculus_miR-466i-5p,20,1,20,tgtgtgtgtgtgtgtgtgtg,chromosome_2_12224,20,24,43,tgtgtgtgtgtgtgtgtgtg,mmmmmmmmmmmmmmmmmmmm
mmu-miR-466i-5p_MIMAT0017325_Mus_musculus_miR-466i-5p,20,1,20,tgtgtgtgtgtgtgtgtgtg,chromosome_11_95100,20,82,101,tgtgtgtgtgtgtgtgtgtg,mmmmmmmmmmmmmmmmmmmm
mmu-miR-466i-5p_MIMAT0017325_Mus_musculus_miR-466i-5p,20,1,20,tgtgtgtgtgtgtgtgtgtg,chromosome_2_12224,20,22,41,tgtgtgtgtgtgtgtgtgtg,mmmmmmmmmmmmmmmmmmmm
mmu-miR-466i-5p_MIMAT0017325_Mus_musculus_miR-466i-5p,20,1,20,tgtgtgtgtgtgtgtgtgtg,chromosome_11_95100,20,80,99,tgtgtgtgtgtgtgtgtgtg,mmmmmmmmmmmmmmmmmmmm
mmu-miR-466i-5p_MIMAT0017325_Mus_musculus_miR-466i-5p,20,1,20,tgtgtgtgtgtgtgtgtgtg,chromosome_2_12224,20,20,39,tgtgtgtgtgtgtgtgtgtg,mmmmmmmmmmmmmmmmmmmm
mmu-miR-466i-5p_MIMAT0017325_Mus_musculus_miR-466i-5p,20,1,20,tgtgtgtgtgtgtgtgtgtg,chromosome_11_95100,20,78,97,tgtgtgtgtgtgtgtgtgtg,mmmmmmmmmmmmmmmmmmmm
mmu-miR-466i-5p_MIMAT0017325_Mus_musculus_miR-466i-5p,20,1,20,tgtgtgtgtgtgtgtgtgtg,chromosome_2_12224,20,18,37,tgtgtgtgtgtgtgtgtgtg,mmmmmmmmmmmmmmmmmmmm
mmu-miR-466i-5p_MIMAT0017325_Mus_musculus_miR-466i-5p,20,1,20,tgtgtgtgtgtgtgtgtgtg,chromosome_11_95100,20,76,95,tgtgtgtgtgtgtgtgtgtg,mmmmmmmmmmmmmmmmmmmm
mmu-miR-466i-5p_MIMAT0017325_Mus_musculus_miR-466i-5p,20,1,20,tgtgtgtgtgtgtgtgtgtg,chromosome_11_95100,20,74,93,tgtgtgtgtgtgtgtgtgtg,mmmmmmmmmmmmmmmmmmmm
mmu-miR-466i-5p_MIMAT0017325_Mus_musculus_miR-466i-5p,20,1,20,tgtgtgtgtgtgtgtgtgtg,chromosome_11_95100,20,72,91,tgtgtgtgtgtgtgtgtgtg,mmmmmmmmmmmmmmmmmmmm
mmu-miR-466i-5p_MIMAT0017325_Mus_musculus_miR-466i-5p,20,1,20,tgtgtgtgtgtgtgtgtgtg,chromosome_11_95100,20,70,89,tgtgtgtgtgtgtgtgtgtg,mmmmmmmmmmmmmmmmmmmm
oan-miR-100-5p_MIMAT0007046_Ornithorhynchus_anatinus_miR-100-5p,22,1,22,aacccgtagatccgaacttgtg,chromosome_7_58175,22,19,40,aacccgtagatccgaacttgtg,mmmmmmmmmmmmmmmmmmmmmm
oan-miR-100-5p_MIMAT0007046_Ornithorhynchus_anatinus_miR-100-5p,22,1,22,aacccgtagatccgaacttgtg,chromosome_7_58176,22,69,90,aacccgtagatccgaacttgtg,mmmmmmmmmmmmmmmmmmmmmm
tca-miR-100-5p_MIMAT0008369_Tribolium_castaneum_miR-100-5p,24,1,24,aacccgtagatccgaacttgtggg,chromosome_7_58175,24,19,42,aacccgtagatccgaacttgtggg,mmmmmmmmmmmmmmmmmmmmmmmm
tca-miR-100-5p_MIMAT0008369_Tribolium_castaneum_miR-100-5p,24,1,24,aacccgtagatccgaacttgtggg,chromosome_7_58176,24,69,92,aacccgtagatccgaacttgtggg,mmmmmmmmmmmmmmmmmmmmmmmm
bta-miR-100_MIMAT0009215_Bos_taurus_miR-100,22,1,22,aacccgtagatccgaacttgtg,chromosome_7_58175,22,19,40,aacccgtagatccgaacttgtg,mmmmmmmmmmmmmmmmmmmmmm
bta-miR-100_MIMAT0009215_Bos_taurus_miR-100,22,1,22,aacccgtagatccgaacttgtg,chromosome_7_58176,22,69,90,aacccgtagatccgaacttgtg,mmmmmmmmmmmmmmmmmmmmmm
lgi-miR-100_MIMAT0009577_Lottia_gigantea_miR-100,22,1,22,aacccgtagatccgaacttgtg,chromosome_7_58176,22,69,90,aacccgtagatccgaacttgtg,mmmmmmmmmmmmmmmmmmmmmm
lgi-miR-100_MIMAT0009577_Lottia_gigantea_miR-100,22,1,22,aacccgtagatccgaacttgtg,chromosome_7_58175,22,19,40,aacccgtagatccgaacttgtg,mmmmmmmmmmmmmmmmmmmmmm
sko-miR-100_MIMAT0009623_Saccoglossus_kowalevskii_miR-100,22,1,22,aacccgtagatccgaacttgtg,chromosome_7_58175,22,19,40,aacccgtagatccgaacttgtg,mmmmmmmmmmmmmmmmmmmmmm
sko-miR-100_MIMAT0009623_Saccoglossus_kowalevskii_miR-100,22,1,22,aacccgtagatccgaacttgtg,chromosome_7_58176,22,69,90,aacccgtagatccgaacttgtg,mmmmmmmmmmmmmmmmmmmmmm
bta-miR-2478_MIMAT0012070_Bos_taurus_miR-2478,20,1,20,gtatcccacttctgacacca,chromosome_6_43446,20,89,108,gtatcccacttctgacacca,mmmmmmmmmmmmmmmmmmmm
dme-miR-2491-3p_MIMAT0020912_Drosophila_melanogaster_miR-2491-3p,18,1,18,caacaacagcagcagcaa,chromosome_14_160830,18,48,65,caacaacagcagcagcaa,mmmmmmmmmmmmmmmmmm
bmo-miR-100_MIMAT0013596_Bombyx_mori_miR-100,22,1,22,aacccgtagatccgaacttgtg,chromosome_7_58176,22,69,90,aacccgtagatccgaacttgtg,mmmmmmmmmmmmmmmmmmmmmm
bmo-miR-100_MIMAT0013596_Bombyx_mori_miR-100,22,1,22,aacccgtagatccgaacttgtg,chromosome_7_58175,22,19,40,aacccgtagatccgaacttgtg,mmmmmmmmmmmmmmmmmmmmmm
eca-miR-100_MIMAT0012980_Equus_caballus_miR-100,22,1,22,aacccgtagatccgaacttgtg,chromosome_7_58175,22,19,40,aacccgtagatccgaacttgtg,mmmmmmmmmmmmmmmmmmmmmm
eca-miR-100_MIMAT0012980_Equus_caballus_miR-100,22,1,22,aacccgtagatccgaacttgtg,chromosome_7_58176,22,69,90,aacccgtagatccgaacttgtg,mmmmmmmmmmmmmmmmmmmmmm
ssc-miR-100_MIMAT0013911_Sus_scrofa_miR-100,22,1,22,aacccgtagatccgaacttgtg,chromosome_7_58175,22,19,40,aacccgtagatccgaacttgtg,mmmmmmmmmmmmmmmmmmmmmm
ssc-miR-100_MIMAT0013911_Sus_scrofa_miR-100,22,1,22,aacccgtagatccgaacttgtg,chromosome_7_58176,22,69,90,aacccgtagatccgaacttgtg,mmmmmmmmmmmmmmmmmmmmmm
bma-miR-100b_MIMAT0014113_Brugia_malayi_miR-100b,22,1,22,aacccgtagatccgaacttgtg,chromosome_7_58175,22,19,40,aacccgtagatccgaacttgtg,mmmmmmmmmmmmmmmmmmmmmm
bma-miR-100b_MIMAT0014113_Brugia_malayi_miR-100b,22,1,22,aacccgtagatccgaacttgtg,chromosome_7_58176,22,69,90,aacccgtagatccgaacttgtg,mmmmmmmmmmmmmmmmmmmmmm
aae-miR-100_MIMAT0014291_Aedes_aegypti_miR-100,22,1,22,aacccgtagatccgaacttgtg,chromosome_7_58176,22,69,90,aacccgtagatccgaacttgtg,mmmmmmmmmmmmmmmmmmmmmm
aae-miR-100_MIMAT0014291_Aedes_aegypti_miR-100,22,1,22,aacccgtagatccgaacttgtg,chromosome_7_58175,22,19,40,aacccgtagatccgaacttgtg,mmmmmmmmmmmmmmmmmmmmmm
cqu-miR-100-5p_MIMAT0014387_Culex_quinquefasciatus_miR-100-5p,22,1,22,aacccgtagatccgaacttgtg,chromosome_7_58175,22,19,40,aacccgtagatccgaacttgtg,mmmmmmmmmmmmmmmmmmmmmm
cqu-miR-100-5p_MIMAT0014387_Culex_quinquefasciatus_miR-100-5p,22,1,22,aacccgtagatccgaacttgtg,chromosome_7_58176,22,69,90,aacccgtagatccgaacttgtg,mmmmmmmmmmmmmmmmmmmmmm
tgu-miR-100-5p_MIMAT0014511_Taeniopygia_guttata_miR-100-5p,21,1,21,aacccgtagatccgaacttgt,chromosome_7_58176,21,69,89,aacccgtagatccgaacttgt,mmmmmmmmmmmmmmmmmmmmm
tgu-miR-100-5p_MIMAT0014511_Taeniopygia_guttata_miR-100-5p,21,1,21,aacccgtagatccgaacttgt,chromosome_7_58175,21,19,39,aacccgtagatccgaacttgt,mmmmmmmmmmmmmmmmmmmmm
nvi-miR-100_MIMAT0015677_Nasonia_vitripennis_miR-100,22,1,22,aacccgtagatccgaacttgtg,chromosome_7_58176,22,69,90,aacccgtagatccgaacttgtg,mmmmmmmmmmmmmmmmmmmmmm
nvi-miR-100_MIMAT0015677_Nasonia_vitripennis_miR-100,22,1,22,aacccgtagatccgaacttgtg,chromosome_7_58175,22,19,40,aacccgtagatccgaacttgtg,mmmmmmmmmmmmmmmmmmmmmm
hsa-miR-4286_MIMAT0016916_Homo_sapiens_miR-4286,17,1,17,accccactcctggtacc,chromosome_13_130934,17,71,87,accccactcctggtacc,mmmmmmmmmmmmmmmmm
hsa-miR-4286_MIMAT0016916_Homo_sapiens_miR-4286,17,1,17,accccactcctggtacc,chromosome_14_163305,17,21,37,accccactcctggtacc,mmmmmmmmmmmmmmmmm
hsa-miR-4286_MIMAT0016916_Homo_sapiens_miR-4286,17,1,17,accccactcctggtacc,chromosome_14_163306,17,71,87,accccactcctggtacc,mmmmmmmmmmmmmmmmm
hsa-miR-4286_MIMAT0016916_Homo_sapiens_miR-4286,17,1,17,accccactcctggtacc,chromosome_13_130933,17,21,37,accccactcctggtacc,mmmmmmmmmmmmmmmmm
pma-miR-100a-5p_MIMAT0019437_Petromyzon_marinus_miR-100a-5p,22,1,22,aacccgtagatccgaacttgtg,chromosome_7_58176,22,69,90,aacccgtagatccgaacttgtg,mmmmmmmmmmmmmmmmmmmmmm
pma-miR-100a-5p_MIMAT0019437_Petromyzon_marinus_miR-100a-5p,22,1,22,aacccgtagatccgaacttgtg,chromosome_7_58175,22,19,40,aacccgtagatccgaacttgtg,mmmmmmmmmmmmmmmmmmmmmm
aca-miR-100_MIMAT0021709_Anolis_carolinensis_miR-100,22,1,22,aacccgtagatccgaacttgtg,chromosome_7_58175,22,19,40,aacccgtagatccgaacttgtg,mmmmmmmmmmmmmmmmmmmmmm
aca-miR-100_MIMAT0021709_Anolis_carolinensis_miR-100,22,1,22,aacccgtagatccgaacttgtg,chromosome_7_58176,22,69,90,aacccgtagatccgaacttgtg,mmmmmmmmmmmmmmmmmmmmmm
ath-miR5658_MIMAT0022431_Arabidopsis_thaliana_miR5658,21,1,21,atgatgatgatgatgatgaaa,chromosome_1_1956,21,56,76,atgatgatgatgatgatgaaa,mmmmmmmmmmmmmmmmmmmmm
ath-miR5658_MIMAT0022431_Arabidopsis_thaliana_miR5658,21,1,21,atgatgatgatgatgatgaaa,chromosome_12_106867,21,80,100,atgatgatgatgatgatgaaa,mmmmmmmmmmmmmmmmmmmmm
ath-miR5658_MIMAT0022431_Arabidopsis_thaliana_miR5658,21,1,21,atgatgatgatgatgatgaaa,chromosome_12_106868,21,30,50,atgatgatgatgatgatgaaa,mmmmmmmmmmmmmmmmmmmmm
ola-miR-100_MIMAT0022614_Oryzias_latipes_miR-100,19,1,19,aacccgtagatccgaactt,chromosome_7_58175,19,19,37,aacccgtagatccgaactt,mmmmmmmmmmmmmmmmmmm
ola-miR-100_MIMAT0022614_Oryzias_latipes_miR-100,19,1,19,aacccgtagatccgaactt,chromosome_7_58176,19,69,87,aacccgtagatccgaactt,mmmmmmmmmmmmmmmmmmm
sha-miR-100_MIMAT0022800_Sarcophilus_harrisii_miR-100,21,1,21,aacccgtagatccgaacttgt,chromosome_7_58175,21,19,39,aacccgtagatccgaacttgt,mmmmmmmmmmmmmmmmmmmmm
sha-miR-100_MIMAT0022800_Sarcophilus_harrisii_miR-100,21,1,21,aacccgtagatccgaacttgt,chromosome_7_58176,21,69,89,aacccgtagatccgaacttgt,mmmmmmmmmmmmmmmmmmmmm
cgr-miR-100-5p_MIMAT0023726_Cricetulus_griseus_miR-100-5p,21,1,21,aacccgtagatccgaacttgt,chromosome_7_58175,21,19,39,aacccgtagatccgaacttgt,mmmmmmmmmmmmmmmmmmmmm
cgr-miR-100-5p_MIMAT0023726_Cricetulus_griseus_miR-100-5p,21,1,21,aacccgtagatccgaacttgt,chromosome_7_58176,21,69,89,aacccgtagatccgaacttgt,mmmmmmmmmmmmmmmmmmmmm
cgr-miR-1260_MIMAT0023746_Cricetulus_griseus_miR-1260,18,1,18,atcccaccgctgccacca,chromosome_13_131141,18,41,58,atcccaccgctgccacca,mmmmmmmmmmmmmmmmmm
cgr-miR-1260_MIMAT0023746_Cricetulus_griseus_miR-1260,18,1,18,atcccaccgctgccacca,chromosome_8_61010,18,64,81,atcccaccgctgccacca,mmmmmmmmmmmmmmmmmm
cgr-miR-1260_MIMAT0023746_Cricetulus_griseus_miR-1260,18,1,18,atcccaccgctgccacca,chromosome_13_131142,18,91,108,atcccaccgctgccacca,mmmmmmmmmmmmmmmmmm
mse-miR-2779_MIMAT0024425_Manduca_sexta_miR-2779,18,1,18,atccggctcgaaggacca,chromosome_14_170846,18,25,42,atccggctcgaaggacca,mmmmmmmmmmmmmmmmmm
mse-miR-2779_MIMAT0024425_Manduca_sexta_miR-2779,18,1,18,atccggctcgaaggacca,chromosome_14_166669,18,19,36,atccggctcgaaggacca,mmmmmmmmmmmmmmmmmm
mse-miR-2779_MIMAT0024425_Manduca_sexta_miR-2779,18,1,18,atccggctcgaaggacca,chromosome_14_166670,18,69,86,atccggctcgaaggacca,mmmmmmmmmmmmmmmmmm
mse-miR-2779_MIMAT0024425_Manduca_sexta_miR-2779,18,1,18,atccggctcgaaggacca,chromosome_9_71678,18,72,89,atccggctcgaaggacca,mmmmmmmmmmmmmmmmmm
mse-miR-2779_MIMAT0024425_Manduca_sexta_miR-2779,18,1,18,atccggctcgaaggacca,chromosome_9_72915,18,27,44,atccggctcgaaggacca,mmmmmmmmmmmmmmmmmm
mse-miR-2779_MIMAT0024425_Manduca_sexta_miR-2779,18,1,18,atccggctcgaaggacca,chromosome_14_151704,18,59,76,atccggctcgaaggacca,mmmmmmmmmmmmmmmmmm
mse-miR-100_MIMAT0024438_Manduca_sexta_miR-100,22,1,22,aacccgtagatccgaacttgtg,chromosome_7_58176,22,69,90,aacccgtagatccgaacttgtg,mmmmmmmmmmmmmmmmmmmmmm
mse-miR-100_MIMAT0024438_Manduca_sexta_miR-100,22,1,22,aacccgtagatccgaacttgtg,chromosome_7_58175,22,19,40,aacccgtagatccgaacttgtg,mmmmmmmmmmmmmmmmmmmmmm
bta-miR-4286_MIMAT0024575_Bos_taurus_miR-4286,17,1,17,accccactcctggtacc,chromosome_13_130934,17,71,87,accccactcctggtacc,mmmmmmmmmmmmmmmmm
bta-miR-4286_MIMAT0024575_Bos_taurus_miR-4286,17,1,17,accccactcctggtacc,chromosome_14_163305,17,21,37,accccactcctggtacc,mmmmmmmmmmmmmmmmm
bta-miR-4286_MIMAT0024575_Bos_taurus_miR-4286,17,1,17,accccactcctggtacc,chromosome_14_163306,17,71,87,accccactcctggtacc,mmmmmmmmmmmmmmmmm
bta-miR-4286_MIMAT0024575_Bos_taurus_miR-4286,17,1,17,accccactcctggtacc,chromosome_13_130933,17,21,37,accccactcctggtacc,mmmmmmmmmmmmmmmmm
ccr-miR-100_MIMAT0026195_Cyprinus_carpio_miR-100,21,1,21,aacccgtagatccgaacttgt,chromosome_7_58176,21,69,89,aacccgtagatccgaacttgt,mmmmmmmmmmmmmmmmmmmmm
ccr-miR-100_MIMAT0026195_Cyprinus_carpio_miR-100,21,1,21,aacccgtagatccgaacttgt,chromosome_7_58175,21,19,39,aacccgtagatccgaacttgt,mmmmmmmmmmmmmmmmmmmmm
mmu-miR-7238-3p_MIMAT0028445_Mus_musculus_miR-7238-3p,15,1,15,ctgtcctttgtgttc,chromosome_9_73177,15,43,57,ctgtcctttgtgttc,mmmmmmmmmmmmmmm
ipu-miR-100_MIMAT0029385_Ictalurus_punctatus_miR-100,22,1,22,aacccgtagatccgaacttgtg,chromosome_7_58176,22,69,90,aacccgtagatccgaacttgtg,mmmmmmmmmmmmmmmmmmmmmm
ipu-miR-100_MIMAT0029385_Ictalurus_punctatus_miR-100,22,1,22,aacccgtagatccgaacttgtg,chromosome_7_58175,22,19,40,aacccgtagatccgaacttgtg,mmmmmmmmmmmmmmmmmmmmmm
ipu-miR-7550_MIMAT0029545_Ictalurus_punctatus_miR-7550,18,1,18,atccggctcgaaggacca,chromosome_9_72915,18,27,44,atccggctcgaaggacca,mmmmmmmmmmmmmmmmmm
ipu-miR-7550_MIMAT0029545_Ictalurus_punctatus_miR-7550,18,1,18,atccggctcgaaggacca,chromosome_14_151704,18,59,76,atccggctcgaaggacca,mmmmmmmmmmmmmmmmmm
ipu-miR-7550_MIMAT0029545_Ictalurus_punctatus_miR-7550,18,1,18,atccggctcgaaggacca,chromosome_14_170846,18,25,42,atccggctcgaaggacca,mmmmmmmmmmmmmmmmmm
ipu-miR-7550_MIMAT0029545_Ictalurus_punctatus_miR-7550,18,1,18,atccggctcgaaggacca,chromosome_14_166669,18,19,36,atccggctcgaaggacca,mmmmmmmmmmmmmmmmmm
ipu-miR-7550_MIMAT0029545_Ictalurus_punctatus_miR-7550,18,1,18,atccggctcgaaggacca,chromosome_14_166670,18,69,86,atccggctcgaaggacca,mmmmmmmmmmmmmmmmmm
ipu-miR-7550_MIMAT0029545_Ictalurus_punctatus_miR-7550,18,1,18,atccggctcgaaggacca,chromosome_9_71678,18,72,89,atccggctcgaaggacca,mmmmmmmmmmmmmmmmmm
pmi-miR-100-5p_MIMAT0032156_Patiria_miniata_miR-100-5p,21,1,21,aacccgtagatccgaacttgt,chromosome_7_58176,21,69,89,aacccgtagatccgaacttgt,mmmmmmmmmmmmmmmmmmmmm
pmi-miR-100-5p_MIMAT0032156_Patiria_miniata_miR-100-5p,21,1,21,aacccgtagatccgaacttgt,chromosome_7_58175,21,19,39,aacccgtagatccgaacttgt,mmmmmmmmmmmmmmmmmmmmm
bbe-miR-100-5p_MIMAT0031570_Branchiostoma_belcheri_miR-100-5p,22,1,22,aacccgtagatccgaacttgtg,chromosome_7_58176,22,69,90,aacccgtagatccgaacttgtg,mmmmmmmmmmmmmmmmmmmmmm
bbe-miR-100-5p_MIMAT0031570_Branchiostoma_belcheri_miR-100-5p,22,1,22,aacccgtagatccgaacttgtg,chromosome_7_58175,22,19,40,aacccgtagatccgaacttgtg,mmmmmmmmmmmmmmmmmmmmmm
ssa-miR-100a-5p_MIMAT0032277_Salmo_salar_miR-100a-5p,22,1,22,aacccgtagatccgaacttgtg,chromosome_7_58176,22,69,90,aacccgtagatccgaacttgtg,mmmmmmmmmmmmmmmmmmmmmm
ssa-miR-100a-5p_MIMAT0032277_Salmo_salar_miR-100a-5p,22,1,22,aacccgtagatccgaacttgtg,chromosome_7_58175,22,19,40,aacccgtagatccgaacttgtg,mmmmmmmmmmmmmmmmmmmmmm
nve-miR-9415_MIMAT0035371_Nematostella_vectensis_miR-9415,22,1,22,atacttacctgacgcgggaggt,chromosome_13_123985,22,53,74,atacttacctgacgcgggaggt,mmmmmmmmmmmmmmmmmmmmmm
nve-miR-9415_MIMAT0035371_Nematostella_vectensis_miR-9415,22,1,22,atacttacctgacgcgggaggt,chromosome_13_123999,22,53,74,atacttacctgacgcgggaggt,mmmmmmmmmmmmmmmmmmmmmm
nve-miR-9415_MIMAT0035371_Nematostella_vectensis_miR-9415,22,1,22,atacttacctgacgcgggaggt,chromosome_13_123973,22,53,74,atacttacctgacgcgggaggt,mmmmmmmmmmmmmmmmmmmmmm
nve-miR-9415_MIMAT0035371_Nematostella_vectensis_miR-9415,22,1,22,atacttacctgacgcgggaggt,chromosome_13_123963,22,53,74,atacttacctgacgcgggaggt,mmmmmmmmmmmmmmmmmmmmmm
nve-miR-9415_MIMAT0035371_Nematostella_vectensis_miR-9415,22,1,22,atacttacctgacgcgggaggt,chromosome_13_131686,22,53,74,atacttacctgacgcgggaggt,mmmmmmmmmmmmmmmmmmmmmm
nve-miR-9415_MIMAT0035371_Nematostella_vectensis_miR-9415,22,1,22,atacttacctgacgcgggaggt,chromosome_13_123986,22,3,24,atacttacctgacgcgggaggt,mmmmmmmmmmmmmmmmmmmmmm
nve-miR-9415_MIMAT0035371_Nematostella_vectensis_miR-9415,22,1,22,atacttacctgacgcgggaggt,chromosome_13_124000,22,3,24,atacttacctgacgcgggaggt,mmmmmmmmmmmmmmmmmmmmmm
nve-miR-9415_MIMAT0035371_Nematostella_vectensis_miR-9415,22,1,22,atacttacctgacgcgggaggt,chromosome_13_123974,22,3,24,atacttacctgacgcgggaggt,mmmmmmmmmmmmmmmmmmmmmm
nve-miR-9415_MIMAT0035371_Nematostella_vectensis_miR-9415,22,1,22,atacttacctgacgcgggaggt,chromosome_13_131685,22,3,24,atacttacctgacgcgggaggt,mmmmmmmmmmmmmmmmmmmmmm
nve-miR-9415_MIMAT0035371_Nematostella_vectensis_miR-9415,22,1,22,atacttacctgacgcgggaggt,chromosome_13_123964,22,3,24,atacttacctgacgcgggaggt,mmmmmmmmmmmmmmmmmmmmmm
nve-miR-9425_MIMAT0035384_Nematostella_vectensis_miR-9425,21,1,21,aagaacacccaaaatagctga,chromosome_6_43338,21,21,41,aagaacacccaaaatagctga,mmmmmmmmmmmmmmmmmmmmm
nve-miR-9425_MIMAT0035384_Nematostella_vectensis_miR-9425,21,1,21,aagaacacccaaaatagctga,chromosome_6_43337,21,71,91,aagaacacccaaaatagctga,mmmmmmmmmmmmmmmmmmmmm
cpi-miR-100-5p_MIMAT0037714_Chrysemys_picta_miR-100-5p,21,1,21,aacccgtagatccgaacttgt,chromosome_7_58176,21,69,89,aacccgtagatccgaacttgt,mmmmmmmmmmmmmmmmmmmmm
cpi-miR-100-5p_MIMAT0037714_Chrysemys_picta_miR-100-5p,21,1,21,aacccgtagatccgaacttgt,chromosome_7_58175,21,19,39,aacccgtagatccgaacttgt,mmmmmmmmmmmmmmmmmmmmm
ami-miR-100-5p_MIMAT0038114_Alligator_mississippiensis_miR-100-5p,22,1,22,aacccgtagatccgaacttgtg,chromosome_7_58175,22,19,40,aacccgtagatccgaacttgtg,mmmmmmmmmmmmmmmmmmmmmm
ami-miR-100-5p_MIMAT0038114_Alligator_mississippiensis_miR-100-5p,22,1,22,aacccgtagatccgaacttgtg,chromosome_7_58176,22,69,90,aacccgtagatccgaacttgtg,mmmmmmmmmmmmmmmmmmmmmm
cli-miR-100-5p_MIMAT0038480_Columba_livia_miR-100-5p,22,1,22,aacccgtagatccgaacttgtg,chromosome_7_58175,22,19,40,aacccgtagatccgaacttgtg,mmmmmmmmmmmmmmmmmmmmmm
cli-miR-100-5p_MIMAT0038480_Columba_livia_miR-100-5p,22,1,22,aacccgtagatccgaacttgtg,chromosome_7_58176,22,69,90,aacccgtagatccgaacttgtg,mmmmmmmmmmmmmmmmmmmmmm
pbv-miR-100-5p_MIMAT0038899_Python_bivittatus_miR-100-5p,22,1,22,aacccgtagatccgaacttgtg,chromosome_7_58175,22,19,40,aacccgtagatccgaacttgtg,mmmmmmmmmmmmmmmmmmmmmm
pbv-miR-100-5p_MIMAT0038899_Python_bivittatus_miR-100-5p,22,1,22,aacccgtagatccgaacttgtg,chromosome_7_58176,22,69,90,aacccgtagatccgaacttgtg,mmmmmmmmmmmmmmmmmmmmmm
chi-miR-100-5p_MIMAT0035897_Capra_hircus_miR-100-5p,21,1,21,aacccgtagatccgaacttgt,chromosome_7_58176,21,69,89,aacccgtagatccgaacttgt,mmmmmmmmmmmmmmmmmmmmm
chi-miR-100-5p_MIMAT0035897_Capra_hircus_miR-100-5p,21,1,21,aacccgtagatccgaacttgt,chromosome_7_58175,21,19,39,aacccgtagatccgaacttgt,mmmmmmmmmmmmmmmmmmmmm
tch-miR-100-5p_MIMAT0036554_Tupaia_chinensis_miR-100-5p,22,1,22,aacccgtagatccgaacttgtg,chromosome_7_58175,22,19,40,aacccgtagatccgaacttgtg,mmmmmmmmmmmmmmmmmmmmmm
tch-miR-100-5p_MIMAT0036554_Tupaia_chinensis_miR-100-5p,22,1,22,aacccgtagatccgaacttgtg,chromosome_7_58176,22,69,90,aacccgtagatccgaacttgtg,mmmmmmmmmmmmmmmmmmmmmm
pal-miR-100-5p_MIMAT0039957_Pteropus_alecto_miR-100-5p,22,1,22,aacccgtagatccgaacttgtg,chromosome_7_58175,22,19,40,aacccgtagatccgaacttgtg,mmmmmmmmmmmmmmmmmmmmmm
pal-miR-100-5p_MIMAT0039957_Pteropus_alecto_miR-100-5p,22,1,22,aacccgtagatccgaacttgtg,chromosome_7_58176,22,69,90,aacccgtagatccgaacttgtg,mmmmmmmmmmmmmmmmmmmmmm
pal-miR-9993a-3p_MIMAT0040174_Pteropus_alecto_miR-9993a-3p,18,1,18,atctcggtgggacctcca,chromosome_12_114760,18,71,88,atctcggtgggacctcca,mmmmmmmmmmmmmmmmmm
pal-miR-9993a-3p_MIMAT0040174_Pteropus_alecto_miR-9993a-3p,18,1,18,atctcggtgggacctcca,chromosome_12_114759,18,21,38,atctcggtgggacctcca,mmmmmmmmmmmmmmmmmm
tcf-miR-100_MIMAT0041367_Triops_cancriformis_miR-100,22,1,22,aacccgtagatccgaacttgtg,chromosome_7_58176,22,69,90,aacccgtagatccgaacttgtg,mmmmmmmmmmmmmmmmmmmmmm
tcf-miR-100_MIMAT0041367_Triops_cancriformis_miR-100,22,1,22,aacccgtagatccgaacttgtg,chromosome_7_58175,22,19,40,aacccgtagatccgaacttgtg,mmmmmmmmmmmmmmmmmmmmmm
abu-miR-100_MIMAT0042041_Astatotilapia_burtoni_miR-100,22,1,22,aacccgtagatccgaacttgtg,chromosome_7_58175,22,19,40,aacccgtagatccgaacttgtg,mmmmmmmmmmmmmmmmmmmmmm
abu-miR-100_MIMAT0042041_Astatotilapia_burtoni_miR-100,22,1,22,aacccgtagatccgaacttgtg,chromosome_7_58176,22,69,90,aacccgtagatccgaacttgtg,mmmmmmmmmmmmmmmmmmmmmm
mze-miR-100_MIMAT0042288_Metriaclima_zebra_miR-100,22,1,22,aacccgtagatccgaacttgtg,chromosome_7_58176,22,69,90,aacccgtagatccgaacttgtg,mmmmmmmmmmmmmmmmmmmmmm
mze-miR-100_MIMAT0042288_Metriaclima_zebra_miR-100,22,1,22,aacccgtagatccgaacttgtg,chromosome_7_58175,22,19,40,aacccgtagatccgaacttgtg,mmmmmmmmmmmmmmmmmmmmmm
nbr-miR-100_MIMAT0042475_Neolamprologus_brichardi_miR-100,22,1,22,aacccgtagatccgaacttgtg,chromosome_7_58176,22,69,90,aacccgtagatccgaacttgtg,mmmmmmmmmmmmmmmmmmmmmm
nbr-miR-100_MIMAT0042475_Neolamprologus_brichardi_miR-100,22,1,22,aacccgtagatccgaacttgtg,chromosome_7_58175,22,19,40,aacccgtagatccgaacttgtg,mmmmmmmmmmmmmmmmmmmmmm
oni-miR-100_MIMAT0042654_Oreochromis_niloticus_miR-100,22,1,22,aacccgtagatccgaacttgtg,chromosome_7_58175,22,19,40,aacccgtagatccgaacttgtg,mmmmmmmmmmmmmmmmmmmmmm
oni-miR-100_MIMAT0042654_Oreochromis_niloticus_miR-100,22,1,22,aacccgtagatccgaacttgtg,chromosome_7_58176,22,69,90,aacccgtagatccgaacttgtg,mmmmmmmmmmmmmmmmmmmmmm
pny-miR-100_MIMAT0042860_Pundamilia_nyererei_miR-100,22,1,22,aacccgtagatccgaacttgtg,chromosome_7_58176,22,69,90,aacccgtagatccgaacttgtg,mmmmmmmmmmmmmmmmmmmmmm
pny-miR-100_MIMAT0042860_Pundamilia_nyererei_miR-100,22,1,22,aacccgtagatccgaacttgtg,chromosome_7_58175,22,19,40,aacccgtagatccgaacttgtg,mmmmmmmmmmmmmmmmmmmmmm
oni-miR-7550_MIMAT0043495_Oreochromis_niloticus_miR-7550,18,1,18,atccggctcgaaggacca,chromosome_14_151704,18,59,76,atccggctcgaaggacca,mmmmmmmmmmmmmmmmmm
oni-miR-7550_MIMAT0043495_Oreochromis_niloticus_miR-7550,18,1,18,atccggctcgaaggacca,chromosome_14_170846,18,25,42,atccggctcgaaggacca,mmmmmmmmmmmmmmmmmm
oni-miR-7550_MIMAT0043495_Oreochromis_niloticus_miR-7550,18,1,18,atccggctcgaaggacca,chromosome_14_166669,18,19,36,atccggctcgaaggacca,mmmmmmmmmmmmmmmmmm
oni-miR-7550_MIMAT0043495_Oreochromis_niloticus_miR-7550,18,1,18,atccggctcgaaggacca,chromosome_14_166670,18,69,86,atccggctcgaaggacca,mmmmmmmmmmmmmmmmmm
oni-miR-7550_MIMAT0043495_Oreochromis_niloticus_miR-7550,18,1,18,atccggctcgaaggacca,chromosome_9_71678,18,72,89,atccggctcgaaggacca,mmmmmmmmmmmmmmmmmm
oni-miR-7550_MIMAT0043495_Oreochromis_niloticus_miR-7550,18,1,18,atccggctcgaaggacca,chromosome_9_72915,18,27,44,atccggctcgaaggacca,mmmmmmmmmmmmmmmmmm
gmo-miR-100a-5p_MIMAT0044035_Gadus_morhua_miR-100a-5p,22,1,22,aacccgtagatccgaacttgtg,chromosome_7_58175,22,19,40,aacccgtagatccgaacttgtg,mmmmmmmmmmmmmmmmmmmmmm
gmo-miR-100a-5p_MIMAT0044035_Gadus_morhua_miR-100a-5p,22,1,22,aacccgtagatccgaacttgtg,chromosome_7_58176,22,69,90,aacccgtagatccgaacttgtg,mmmmmmmmmmmmmmmmmmmmmm
dqu-miR-100-5p_MIMAT0045681_Dinoponera_quadriceps_miR-100-5p,22,1,22,acccgtagatccgaacttgtgg,chromosome_7_58176,22,70,91,acccgtagatccgaacttgtgg,mmmmmmmmmmmmmmmmmmmmmm
dqu-miR-100-5p_MIMAT0045681_Dinoponera_quadriceps_miR-100-5p,22,1,22,acccgtagatccgaacttgtgg,chromosome_7_58175,22,20,41,acccgtagatccgaacttgtgg,mmmmmmmmmmmmmmmmmmmmmm
pca-miR-100-5p_MIMAT0045861_Polistes_canadensis_miR-100-5p,22,1,22,acccgtagatccgaacttgtgg,chromosome_7_58176,22,70,91,acccgtagatccgaacttgtgg,mmmmmmmmmmmmmmmmmmmmmm
pca-miR-100-5p_MIMAT0045861_Polistes_canadensis_miR-100-5p,22,1,22,acccgtagatccgaacttgtgg,chromosome_7_58175,22,20,41,acccgtagatccgaacttgtgg,mmmmmmmmmmmmmmmmmmmmmm
pte-miR-100b-5p_MIMAT0046090_Parasteatoda_tepidariorum_miR-100b-5p,22,1,22,aacccgtagatccgaacttgtg,chromosome_7_58175,22,19,40,aacccgtagatccgaacttgtg,mmmmmmmmmmmmmmmmmmmmmm
pte-miR-100b-5p_MIMAT0046090_Parasteatoda_tepidariorum_miR-100b-5p,22,1,22,aacccgtagatccgaacttgtg,chromosome_7_58176,22,69,90,aacccgtagatccgaacttgtg,mmmmmmmmmmmmmmmmmmmmmm
xla-miR-100-5p_MIMAT0046409_Xenopus_laevis_miR-100-5p,22,1,22,aacccgtagatccgaacttgtg,chromosome_7_58176,22,69,90,aacccgtagatccgaacttgtg,mmmmmmmmmmmmmmmmmmmmmm
xla-miR-100-5p_MIMAT0046409_Xenopus_laevis_miR-100-5p,22,1,22,aacccgtagatccgaacttgtg,chromosome_7_58175,22,19,40,aacccgtagatccgaacttgtg,mmmmmmmmmmmmmmmmmmmmmm
cpo-miR-100-5p_MIMAT0046945_Cavia_porcellus_miR-100-5p,22,1,22,aacccgtagatccgaacttgtg,chromosome_7_58175,22,19,40,aacccgtagatccgaacttgtg,mmmmmmmmmmmmmmmmmmmmmm
cpo-miR-100-5p_MIMAT0046945_Cavia_porcellus_miR-100-5p,22,1,22,aacccgtagatccgaacttgtg,chromosome_7_58176,22,69,90,aacccgtagatccgaacttgtg,mmmmmmmmmmmmmmmmmmmmmm
dno-miR-100-5p_MIMAT0047596_Dasypus_novemcinctus_miR-100-5p,22,1,22,aacccgtagatccgaacttgtg,chromosome_7_58175,22,19,40,aacccgtagatccgaacttgtg,mmmmmmmmmmmmmmmmmmmmmm
dno-miR-100-5p_MIMAT0047596_Dasypus_novemcinctus_miR-100-5p,22,1,22,aacccgtagatccgaacttgtg,chromosome_7_58176,22,69,90,aacccgtagatccgaacttgtg,mmmmmmmmmmmmmmmmmmmmmm
ocu-miR-100-5p_MIMAT0048184_Oryctolagus_cuniculus_miR-100-5p,22,1,22,aacccgtagatccgaacttgtg,chromosome_7_58175,22,19,40,aacccgtagatccgaacttgtg,mmmmmmmmmmmmmmmmmmmmmm
ocu-miR-100-5p_MIMAT0048184_Oryctolagus_cuniculus_miR-100-5p,22,1,22,aacccgtagatccgaacttgtg,chromosome_7_58176,22,69,90,aacccgtagatccgaacttgtg,mmmmmmmmmmmmmmmmmmmmmm
mmr-miR-100_MIMAT0049132_Microcebus_murinus_miR-100,22,1,22,aacccgtagatccgaacttgtg,chromosome_7_58175,22,19,40,aacccgtagatccgaacttgtg,mmmmmmmmmmmmmmmmmmmmmm
mmr-miR-100_MIMAT0049132_Microcebus_murinus_miR-100,22,1,22,aacccgtagatccgaacttgtg,chromosome_7_58176,22,69,90,aacccgtagatccgaacttgtg,mmmmmmmmmmmmmmmmmmmmmm
dma-miR-100_MIMAT0049252_Daubentonia_madagascariensis_miR-100,21,1,21,aacccgtagatccgaacttgt,chromosome_7_58176,21,69,89,aacccgtagatccgaacttgt,mmmmmmmmmmmmmmmmmmmmm
dma-miR-100_MIMAT0049252_Daubentonia_madagascariensis_miR-100,21,1,21,aacccgtagatccgaacttgt,chromosome_7_58175,21,19,39,aacccgtagatccgaacttgt,mmmmmmmmmmmmmmmmmmmmm
cja-miR-100_MIMAT0049322_Callithrix_jacchus_miR-100,22,1,22,aacccgtagatccgaacttgtg,chromosome_7_58175,22,19,40,aacccgtagatccgaacttgtg,mmmmmmmmmmmmmmmmmmmmmm
cja-miR-100_MIMAT0049322_Callithrix_jacchus_miR-100,22,1,22,aacccgtagatccgaacttgtg,chromosome_7_58176,22,69,90,aacccgtagatccgaacttgtg,mmmmmmmmmmmmmmmmmmmmmm
nle-miR-100_MIMAT0049466_Nomascus_leucogenys_miR-100,22,1,22,aacccgtagatccgaacttgtg,chromosome_7_58175,22,19,40,aacccgtagatccgaacttgtg,mmmmmmmmmmmmmmmmmmmmmm
nle-miR-100_MIMAT0049466_Nomascus_leucogenys_miR-100,22,1,22,aacccgtagatccgaacttgtg,chromosome_7_58176,22,69,90,aacccgtagatccgaacttgtg,mmmmmmmmmmmmmmmmmmmmmm
sbo-miR-100_MIMAT0049501_Saimiri_boliviensis_miR-100,21,1,21,aacccgtagatccgaacttgt,chromosome_7_58175,21,19,39,aacccgtagatccgaacttgt,mmmmmmmmmmmmmmmmmmmmm
sbo-miR-100_MIMAT0049501_Saimiri_boliviensis_miR-100,21,1,21,aacccgtagatccgaacttgt,chromosome_7_58176,21,69,89,aacccgtagatccgaacttgt,mmmmmmmmmmmmmmmmmmmmm
pha-miR-100_MIMAT0049522_Papio_hamadryas_miR-100,22,1,22,aacccgtagatccgaacttgtg,chromosome_7_58175,22,19,40,aacccgtagatccgaacttgtg,mmmmmmmmmmmmmmmmmmmmmm
pha-miR-100_MIMAT0049522_Papio_hamadryas_miR-100,22,1,22,aacccgtagatccgaacttgtg,chromosome_7_58176,22,69,90,aacccgtagatccgaacttgtg,mmmmmmmmmmmmmmmmmmmmmm
oga-miR-100_MIMAT0049717_Otolemur_garnettii_miR-100,22,1,22,aacccgtagatccgaacttgtg,chromosome_7_58176,22,69,90,aacccgtagatccgaacttgtg,mmmmmmmmmmmmmmmmmmmmmm
oga-miR-100_MIMAT0049717_Otolemur_garnettii_miR-100,22,1,22,aacccgtagatccgaacttgtg,chromosome_7_58175,22,19,40,aacccgtagatccgaacttgtg,mmmmmmmmmmmmmmmmmmmmmm
spi-mir-temp-1_Stylophora_pistillata_Liew_et_al._2014_Matches_miR-100_family.,22,1,22,acccgtagatccgaacttgtgg,chromosome_7_58176,22,70,91,acccgtagatccgaacttgtgg,mmmmmmmmmmmmmmmmmmmmmm
spi-mir-temp-1_Stylophora_pistillata_Liew_et_al._2014_Matches_miR-100_family.,22,1,22,acccgtagatccgaacttgtgg,chromosome_7_58175,22,20,41,acccgtagatccgaacttgtgg,mmmmmmmmmmmmmmmmmmmmmm
spi-mir-temp-14_Stylophora_pistillata_Liew_et_al._2014_NA,21,1,21,caatgtttcggcttgttcccg,chromosome_12_104666,21,20,40,caatgtttcggcttgttcccg,mmmmmmmmmmmmmmmmmmmmm
spi-mir-temp-14_Stylophora_pistillata_Liew_et_al._2014_NA,21,1,21,caatgtttcggcttgttcccg,chromosome_12_104665,21,70,90,caatgtttcggcttgttcccg,mmmmmmmmmmmmmmmmmmmmm
spi-mir-temp-20_Stylophora_pistillata_Liew_et_al._2014_NA,22,1,22,tgtgattggagacttttatcgt,chromosome_14_161755,22,20,41,tgtgattggagacttttatcgt,mmmmmmmmmmmmmmmmmmmmmm
spi-mir-temp-20_Stylophora_pistillata_Liew_et_al._2014_NA,22,1,22,tgtgattggagacttttatcgt,chromosome_14_161756,22,70,91,tgtgattggagacttttatcgt,mmmmmmmmmmmmmmmmmmmmmm
spi-mir-temp-25_Stylophora_pistillata_Liew_et_al._2014_Considered_bona_fideas_close_match_to_nve-_and_hma-miR-2022.,24,1,24,tttgctagttgcttttgtcccgtt,chromosome_12_110207,24,20,43,tttgctagttgcttttgtcccgtt,mmmmmmmmmmmmmmmmmmmmmmmm
spi-mir-temp-25_Stylophora_pistillata_Liew_et_al._2014_Considered_bona_fideas_close_match_to_nve-_and_hma-miR-2022.,24,1,24,tttgctagttgcttttgtcccgtt,chromosome_12_110208,24,70,93,tttgctagttgcttttgtcccgtt,mmmmmmmmmmmmmmmmmmmmmmmm
spi-mir-temp-29_Stylophora_pistillata_Liew_et_al._2014_NA,23,1,23,tggcataagggcagccacccctt,chromosome_10_84523,23,71,93,tggcataagggcagccacccctt,mmmmmmmmmmmmmmmmmmmmmmm
spi-mir-temp-29_Stylophora_pistillata_Liew_et_al._2014_NA,23,1,23,tggcataagggcagccacccctt,chromosome_10_84524,23,21,43,tggcataagggcagccacccctt,mmmmmmmmmmmmmmmmmmmmmmm
spi-mir-temp-40_Stylophora_pistillata_Liew_et_al._2014_Close_match_of_nve-miR-2030,22,1,22,tagcataacattgtaagagatc,chromosome_8_65170,22,70,91,tagcataacattgtaagagatc,mmmmmmmmmmmmmmmmmmmmmm
spi-mir-temp-40_Stylophora_pistillata_Liew_et_al._2014_Close_match_of_nve-miR-2030,22,1,22,tagcataacattgtaagagatc,chromosome_8_65169,22,20,41,tagcataacattgtaagagatc,mmmmmmmmmmmmmmmmmmmmmm
apa-mir-100_Exaiptasia_pallida_Baumgarten_et_al._2017_miR-100;_Nve;_Spis;_Adi,22,1,22,acccgtagatccgaacttgtgg,chromosome_7_58176,22,70,91,acccgtagatccgaacttgtgg,mmmmmmmmmmmmmmmmmmmmmm
apa-mir-100_Exaiptasia_pallida_Baumgarten_et_al._2017_miR-100;_Nve;_Spis;_Adi,22,1,22,acccgtagatccgaacttgtgg,chromosome_7_58175,22,20,41,acccgtagatccgaacttgtgg,mmmmmmmmmmmmmmmmmmmmmm
apa-mir-2037_Exaiptasia_pallida_Baumgarten_et_al._2017_miR-2037;_Nve;_Spis,22,1,22,tgtgattggagacttttatcgt,chromosome_14_161756,22,70,91,tgtgattggagacttttatcgt,mmmmmmmmmmmmmmmmmmmmmm
apa-mir-2037_Exaiptasia_pallida_Baumgarten_et_al._2017_miR-2037;_Nve;_Spis,22,1,22,tgtgattggagacttttatcgt,chromosome_14_161755,22,20,41,tgtgattggagacttttatcgt,mmmmmmmmmmmmmmmmmmmmmm
apa-mir-2050_Exaiptasia_pallida_Baumgarten_et_al._2017_miR-2050;_Nve;_Spis;_Adi,18,1,18,tttgattgctgtgatctg,chromosome_4_29756,18,70,87,tttgattgctgtgatctg,mmmmmmmmmmmmmmmmmm
apa-mir-2050_Exaiptasia_pallida_Baumgarten_et_al._2017_miR-2050;_Nve;_Spis;_Adi,18,1,18,tttgattgctgtgatctg,chromosome_4_29755,18,20,37,tttgattgctgtgatctg,mmmmmmmmmmmmmmmmmm
Adi-Mir-2022_3p_Acropora_digitifera_Gajigan_&_Conaco_2017_nve-miR-2022-3p;_nve-miR-2022-3p;_spi-miR-temp-25,23,1,23,tttgctagttgcttttgtcccgt,chromosome_12_110208,23,70,92,tttgctagttgcttttgtcccgt,mmmmmmmmmmmmmmmmmmmmmmm
Adi-Mir-2022_3p_Acropora_digitifera_Gajigan_&_Conaco_2017_nve-miR-2022-3p;_nve-miR-2022-3p;_spi-miR-temp-25,23,1,23,tttgctagttgcttttgtcccgt,chromosome_12_110207,23,20,42,tttgctagttgcttttgtcccgt,mmmmmmmmmmmmmmmmmmmmmmm
Adi-Mir-2025_3p_Acropora_digitifera_Gajigan_&_Conaco_2017_nve-miR-2025-3p;_nve-miR-2025-3p,22,1,22,atttttagcccgcggaagttgc,chromosome_5_34244,22,21,42,atttttagcccgcggaagttgc,mmmmmmmmmmmmmmmmmmmmmm
Adi-Mir-2025_3p_Acropora_digitifera_Gajigan_&_Conaco_2017_nve-miR-2025-3p;_nve-miR-2025-3p,22,1,22,atttttagcccgcggaagttgc,chromosome_5_34243,22,71,92,atttttagcccgcggaagttgc,mmmmmmmmmmmmmmmmmmmmmm
Adi-Mir-2030_5p_Acropora_digitifera_Gajigan_&_Conaco_2017_nve-miR-2030-5p;_nve-miR-2030-5p;_spi-miR-temp-40,23,1,23,tagcataacattgtaagagatct,chromosome_8_65169,23,20,42,tagcataacattgtaagagatct,mmmmmmmmmmmmmmmmmmmmmmm
Adi-Mir-2030_5p_Acropora_digitifera_Gajigan_&_Conaco_2017_nve-miR-2030-5p;_nve-miR-2030-5p;_spi-miR-temp-40,23,1,23,tagcataacattgtaagagatct,chromosome_8_65170,23,70,92,tagcataacattgtaagagatct,mmmmmmmmmmmmmmmmmmmmmmm
eca-nve-F-miR-100_Edwardsiella_carnea_Praher_et_al._2021_Transcriptome-level,22,1,22,acccgtagatccgaacttgtgg,chromosome_7_58175,22,20,41,acccgtagatccgaacttgtgg,mmmmmmmmmmmmmmmmmmmmmm
eca-nve-F-miR-100_Edwardsiella_carnea_Praher_et_al._2021_Transcriptome-level,22,1,22,acccgtagatccgaacttgtgg,chromosome_7_58176,22,70,91,acccgtagatccgaacttgtgg,mmmmmmmmmmmmmmmmmmmmmm
eca-nve-F-miR-2022_Edwardsiella_carnea_Praher_et_al._2021_Transcriptome-level,23,1,23,tttgctagttgcttttgtcccgt,chromosome_12_110208,23,70,92,tttgctagttgcttttgtcccgt,mmmmmmmmmmmmmmmmmmmmmmm
eca-nve-F-miR-2022_Edwardsiella_carnea_Praher_et_al._2021_Transcriptome-level,23,1,23,tttgctagttgcttttgtcccgt,chromosome_12_110207,23,20,42,tttgctagttgcttttgtcccgt,mmmmmmmmmmmmmmmmmmmmmmm
eca-nve-F-miR-2037_Edwardsiella_carnea_Praher_et_al._2021_Transcriptome-level,22,1,22,tgtgattggagacttttatcgt,chromosome_14_161755,22,20,41,tgtgattggagacttttatcgt,mmmmmmmmmmmmmmmmmmmmmm
eca-nve-F-miR-2037_Edwardsiella_carnea_Praher_et_al._2021_Transcriptome-level,22,1,22,tgtgattggagacttttatcgt,chromosome_14_161756,22,70,91,tgtgattggagacttttatcgt,mmmmmmmmmmmmmmmmmmmmmm
eca-nve-F-miR-2036_Edwardsiella_carnea_Praher_et_al._2021_Transcriptome-level,22,1,22,tatattgtacgactctcatcgt,chromosome_7_55076,22,70,91,tatattgtacgactctcatcgt,mmmmmmmmmmmmmmmmmmmmmm
eca-nve-F-miR-2036_Edwardsiella_carnea_Praher_et_al._2021_Transcriptome-level,22,1,22,tatattgtacgactctcatcgt,chromosome_7_55075,22,20,41,tatattgtacgactctcatcgt,mmmmmmmmmmmmmmmmmmmmmm
eca-nve-F-miR-2030_Edwardsiella_carnea_Praher_et_al._2021_Transcriptome-level,22,1,22,tagcataacattgtaagagatc,chromosome_8_65170,22,70,91,tagcataacattgtaagagatc,mmmmmmmmmmmmmmmmmmmmmm
eca-nve-F-miR-2030_Edwardsiella_carnea_Praher_et_al._2021_Transcriptome-level,22,1,22,tagcataacattgtaagagatc,chromosome_8_65169,22,20,41,tagcataacattgtaagagatc,mmmmmmmmmmmmmmmmmmmmmm
mse-nve-F-miR-100_Metridium_senile_Praher_et_al._2021_Transcriptome-level,22,1,22,acccgtagatccgaacttgtgg,chromosome_7_58176,22,70,91,acccgtagatccgaacttgtgg,mmmmmmmmmmmmmmmmmmmmmm
mse-nve-F-miR-100_Metridium_senile_Praher_et_al._2021_Transcriptome-level,22,1,22,acccgtagatccgaacttgtgg,chromosome_7_58175,22,20,41,acccgtagatccgaacttgtgg,mmmmmmmmmmmmmmmmmmmmmm
mse-nve-F-miR-2037-3p_Metridium_senile_Praher_et_al._2021_Transcriptome-level,22,1,22,tgtgattggagacttttatcgt,chromosome_14_161755,22,20,41,tgtgattggagacttttatcgt,mmmmmmmmmmmmmmmmmmmmmm
mse-nve-F-miR-2037-3p_Metridium_senile_Praher_et_al._2021_Transcriptome-level,22,1,22,tgtgattggagacttttatcgt,chromosome_14_161756,22,70,91,tgtgattggagacttttatcgt,mmmmmmmmmmmmmmmmmmmmmm
sca-nve-F-miR-100_Scolanthus_callimorphus_Praher_et_al._2021_Transcriptome-level,22,1,22,acccgtagatccgaacttgtgg,chromosome_7_58176,22,70,91,acccgtagatccgaacttgtgg,mmmmmmmmmmmmmmmmmmmmmm
sca-nve-F-miR-100_Scolanthus_callimorphus_Praher_et_al._2021_Transcriptome-level,22,1,22,acccgtagatccgaacttgtgg,chromosome_7_58175,22,20,41,acccgtagatccgaacttgtgg,mmmmmmmmmmmmmmmmmmmmmm
sca-nve-F-miR-2036_Scolanthus_callimorphus_Praher_et_al._2021_Transcriptome-level,23,1,23,tatattgtacgactctcatcgtt,chromosome_7_55076,23,70,92,tatattgtacgactctcatcgtt,mmmmmmmmmmmmmmmmmmmmmmm
sca-nve-F-miR-2036_Scolanthus_callimorphus_Praher_et_al._2021_Transcriptome-level,23,1,23,tatattgtacgactctcatcgtt,chromosome_7_55075,23,20,42,tatattgtacgactctcatcgtt,mmmmmmmmmmmmmmmmmmmmmmm
sca-nve-F-miR-2037-3p_Scolanthus_callimorphus_Praher_et_al._2021_Transcriptome-level,22,1,22,tgtgattggagacttttatcgt,chromosome_14_161755,22,20,41,tgtgattggagacttttatcgt,mmmmmmmmmmmmmmmmmmmmmm
sca-nve-F-miR-2037-3p_Scolanthus_callimorphus_Praher_et_al._2021_Transcriptome-level,22,1,22,tgtgattggagacttttatcgt,chromosome_14_161756,22,70,91,tgtgattggagacttttatcgt,mmmmmmmmmmmmmmmmmmmmmm
ami-nve-F-miR-2030-5p_Acropora_millepora_Praher_et_al._2021_NA,23,1,23,tagcataacattgtaagagatct,chromosome_8_65170,23,70,92,tagcataacattgtaagagatct,mmmmmmmmmmmmmmmmmmmmmmm
ami-nve-F-miR-2030-5p_Acropora_millepora_Praher_et_al._2021_NA,23,1,23,tagcataacattgtaagagatct,chromosome_8_65169,23,20,42,tagcataacattgtaagagatct,mmmmmmmmmmmmmmmmmmmmmmm
ami-nve-F-miR-2037-3p_Acropora_millepora_Praher_et_al._2021_NA,22,1,22,tgtgattggagacttttatcgt,chromosome_14_161756,22,70,91,tgtgattggagacttttatcgt,mmmmmmmmmmmmmmmmmmmmmm
ami-nve-F-miR-2037-3p_Acropora_millepora_Praher_et_al._2021_NA,22,1,22,tgtgattggagacttttatcgt,chromosome_14_161755,22,20,41,tgtgattggagacttttatcgt,mmmmmmmmmmmmmmmmmmmmmm
ami-nve-F-miR-2025-3p_Acropora_millepora_Praher_et_al._2021_NA,23,1,23,atttttagcccgcggaagttgcg,chromosome_5_34243,23,71,93,atttttagcccgcggaagttgcg,mmmmmmmmmmmmmmmmmmmmmmm
ami-nve-F-miR-2025-3p_Acropora_millepora_Praher_et_al._2021_NA,23,1,23,atttttagcccgcggaagttgcg,chromosome_5_34244,23,21,43,atttttagcccgcggaagttgcg,mmmmmmmmmmmmmmmmmmmmmmm
ami-nve-F-miR-2022-3p_Acropora_millepora_Praher_et_al._2021_NA,23,1,23,tttgctagttgcttttgtcccgt,chromosome_12_110207,23,20,42,tttgctagttgcttttgtcccgt,mmmmmmmmmmmmmmmmmmmmmmm
ami-nve-F-miR-2022-3p_Acropora_millepora_Praher_et_al._2021_NA,23,1,23,tttgctagttgcttttgtcccgt,chromosome_12_110208,23,70,92,tttgctagttgcttttgtcccgt,mmmmmmmmmmmmmmmmmmmmmmm
adi-nve-F-miR-2030_Acropora_digitifera__Praher_et_al._2021_NA,23,1,23,tagcataacattgtaagagatct,chromosome_8_65169,23,20,42,tagcataacattgtaagagatct,mmmmmmmmmmmmmmmmmmmmmmm
adi-nve-F-miR-2030_Acropora_digitifera__Praher_et_al._2021_NA,23,1,23,tagcataacattgtaagagatct,chromosome_8_65170,23,70,92,tagcataacattgtaagagatct,mmmmmmmmmmmmmmmmmmmmmmm
adi-nve-F-miR-2025_Acropora_digitifera__Praher_et_al._2021_NA,22,1,22,atttttagcccgcggaagttgc,chromosome_5_34244,22,21,42,atttttagcccgcggaagttgc,mmmmmmmmmmmmmmmmmmmmmm
adi-nve-F-miR-2025_Acropora_digitifera__Praher_et_al._2021_NA,22,1,22,atttttagcccgcggaagttgc,chromosome_5_34243,22,71,92,atttttagcccgcggaagttgc,mmmmmmmmmmmmmmmmmmmmmm
epa-nve-F-miR-100_Exaiptasia_pallida_Praher_et_al._2021_NA,22,1,22,acccgtagatccgaacttgtgg,chromosome_7_58176,22,70,91,acccgtagatccgaacttgtgg,mmmmmmmmmmmmmmmmmmmmmm
epa-nve-F-miR-100_Exaiptasia_pallida_Praher_et_al._2021_NA,22,1,22,acccgtagatccgaacttgtgg,chromosome_7_58175,22,20,41,acccgtagatccgaacttgtgg,mmmmmmmmmmmmmmmmmmmmmm
spi-nve-F-miR-100_Stylophora_pistillata_Praher_et_al._2021_NA,22,1,22,acccgtagatccgaacttgtgg,chromosome_7_58175,22,20,41,acccgtagatccgaacttgtgg,mmmmmmmmmmmmmmmmmmmmmm
spi-nve-F-miR-100_Stylophora_pistillata_Praher_et_al._2021_NA,22,1,22,acccgtagatccgaacttgtgg,chromosome_7_58176,22,70,91,acccgtagatccgaacttgtgg,mmmmmmmmmmmmmmmmmmmmmm
spi-nve-F-miR-2037_Stylophora_pistillata_Praher_et_al._2021_NA,22,1,22,tgtgattggagacttttatcgt,chromosome_14_161755,22,20,41,tgtgattggagacttttatcgt,mmmmmmmmmmmmmmmmmmmmmm
spi-nve-F-miR-2037_Stylophora_pistillata_Praher_et_al._2021_NA,22,1,22,tgtgattggagacttttatcgt,chromosome_14_161756,22,70,91,tgtgattggagacttttatcgt,mmmmmmmmmmmmmmmmmmmmmm
miR-2030_Nematostella_vectensis_Moran_et_al._2014_NA,21,1,21,tagcataacattgtaagagat,chromosome_8_65169,21,20,40,tagcataacattgtaagagat,mmmmmmmmmmmmmmmmmmmmm
miR-2030_Nematostella_vectensis_Moran_et_al._2014_NA,21,1,21,tagcataacattgtaagagat,chromosome_8_65170,21,70,90,tagcataacattgtaagagat,mmmmmmmmmmmmmmmmmmmmm
miR-100_Nematostella_vectensis_Moran_et_al._2014_NA,21,1,21,acccgtagatccgaacttgtg,chromosome_7_58176,21,70,90,acccgtagatccgaacttgtg,mmmmmmmmmmmmmmmmmmmmm
miR-100_Nematostella_vectensis_Moran_et_al._2014_NA,21,1,21,acccgtagatccgaacttgtg,chromosome_7_58175,21,20,40,acccgtagatccgaacttgtg,mmmmmmmmmmmmmmmmmmmmm
miR-9415_Nematostella_vectensis_Moran_et_al._2014_NA,22,1,22,atacttacctgacgcgggaggt,chromosome_13_123964,22,3,24,atacttacctgacgcgggaggt,mmmmmmmmmmmmmmmmmmmmmm
miR-9415_Nematostella_vectensis_Moran_et_al._2014_NA,22,1,22,atacttacctgacgcgggaggt,chromosome_13_123985,22,53,74,atacttacctgacgcgggaggt,mmmmmmmmmmmmmmmmmmmmmm
miR-9415_Nematostella_vectensis_Moran_et_al._2014_NA,22,1,22,atacttacctgacgcgggaggt,chromosome_13_123999,22,53,74,atacttacctgacgcgggaggt,mmmmmmmmmmmmmmmmmmmmmm
miR-9415_Nematostella_vectensis_Moran_et_al._2014_NA,22,1,22,atacttacctgacgcgggaggt,chromosome_13_123973,22,53,74,atacttacctgacgcgggaggt,mmmmmmmmmmmmmmmmmmmmmm
miR-9415_Nematostella_vectensis_Moran_et_al._2014_NA,22,1,22,atacttacctgacgcgggaggt,chromosome_13_123963,22,53,74,atacttacctgacgcgggaggt,mmmmmmmmmmmmmmmmmmmmmm
miR-9415_Nematostella_vectensis_Moran_et_al._2014_NA,22,1,22,atacttacctgacgcgggaggt,chromosome_13_131686,22,53,74,atacttacctgacgcgggaggt,mmmmmmmmmmmmmmmmmmmmmm
miR-9415_Nematostella_vectensis_Moran_et_al._2014_NA,22,1,22,atacttacctgacgcgggaggt,chromosome_13_123986,22,3,24,atacttacctgacgcgggaggt,mmmmmmmmmmmmmmmmmmmmmm
miR-9415_Nematostella_vectensis_Moran_et_al._2014_NA,22,1,22,atacttacctgacgcgggaggt,chromosome_13_124000,22,3,24,atacttacctgacgcgggaggt,mmmmmmmmmmmmmmmmmmmmmm
miR-9415_Nematostella_vectensis_Moran_et_al._2014_NA,22,1,22,atacttacctgacgcgggaggt,chromosome_13_123974,22,3,24,atacttacctgacgcgggaggt,mmmmmmmmmmmmmmmmmmmmmm
miR-9415_Nematostella_vectensis_Moran_et_al._2014_NA,22,1,22,atacttacctgacgcgggaggt,chromosome_13_131685,22,3,24,atacttacctgacgcgggaggt,mmmmmmmmmmmmmmmmmmmmmm
miR-9425_Nematostella_vectensis_Moran_et_al._2014_NA,21,1,21,aagaacacccaaaatagctga,chromosome_6_43338,21,21,41,aagaacacccaaaatagctga,mmmmmmmmmmmmmmmmmmmmm
miR-9425_Nematostella_vectensis_Moran_et_al._2014_NA,21,1,21,aagaacacccaaaatagctga,chromosome_6_43337,21,71,91,aagaacacccaaaatagctga,mmmmmmmmmmmmmmmmmmmmm
avi-miR-temp-100_Anemonia_viridis_Urbarova_et_al._2018_NA,22,1,22,acccgtagatccgaacttgtgg,chromosome_7_58175,22,20,41,acccgtagatccgaacttgtgg,mmmmmmmmmmmmmmmmmmmmmm
avi-miR-temp-100_Anemonia_viridis_Urbarova_et_al._2018_NA,22,1,22,acccgtagatccgaacttgtgg,chromosome_7_58176,22,70,91,acccgtagatccgaacttgtgg,mmmmmmmmmmmmmmmmmmmmmm
avi-miR-temp-2037_Anemonia_viridis_Urbarova_et_al._2018_NA,22,1,22,tgtgattggagacttttatcgt,chromosome_14_161755,22,20,41,tgtgattggagacttttatcgt,mmmmmmmmmmmmmmmmmmmmmm
avi-miR-temp-2037_Anemonia_viridis_Urbarova_et_al._2018_NA,22,1,22,tgtgattggagacttttatcgt,chromosome_14_161756,22,70,91,tgtgattggagacttttatcgt,mmmmmmmmmmmmmmmmmmmmmm