provisional id,miRDeep2 score,estimated probability that the miRNA candidate is a true positive,rfam alert,total read count,mature read count,loop read count,star read count,significant randfold p-value,miRBase miRNA,example miRBase miRNA with the same seed,UCSC browser,NCBI blastn,consensus mature sequence,consensus star sequence,consensus precursor sequence,precursor coordinate
chromosome_14_34624,791.2,95 +/- 5%,-,1552,1541,1,10,yes,-,-,-,-,gauaacccucaaccguccggaccuc,aggucaagugaguggaaga,aggucaagugaguggaagagggaauguggcauucaaauuucgccugagcgaauucugauaaacugauaacccucaaccguccggaccuc,chromosome_14:10578086..10578175:+
chromosome_14_46147,523.9,95 +/- 5%,-,1024,421,0,603,yes,-,-,-,-,gggugcagauccgucuuugaau,uuaaagacggaucugcacccuuu,uuaaagacggaucugcacccuuuuuuaagagggugcagauccgucuuugaau,chromosome_14:53448667..53448719:-
chromosome_14_46145,510.7,95 +/- 5%,-,999,396,0,603,yes,-,-,-,-,cgaugcagauccgucuuugaau,uuaaagacggaucugcacccuuu,uuaaagacggaucugcacccuuuuuuaagacgaugcagauccgucuuugaau,chromosome_14:53439652..53439704:-
chromosome_10_22028,311.1,95 +/- 5%,-,609,608,0,1,yes,-,-,-,-,ucuaggcugguuacuuuacagu,uuguaaacuaagcagcuuaaac,ucuaggcugguuacuuuacaguuauuaucauuguaaacuaagcagcuuaaac,chromosome_10:30943333..30943385:+
chromosome_10_22036,311.1,95 +/- 5%,-,609,608,0,1,yes,-,-,-,-,ucuaggcugguuacuuuacagu,uuguaaacuaagcagcuuaaac,ucuaggcugguuacuuuacaguuauuaucauuguaaacuaagcagcuuaaac,chromosome_10:30952333..30952385:+
chromosome_10_22016,310.8,95 +/- 5%,-,609,608,0,1,yes,-,-,-,-,ucuaggcugguuacuuuacagu,uuguaaacuaagcagcuuaaac,ucuaggcugguuacuuuacaguuauuaucauuguaaacuaagcagcuuaaac,chromosome_10:30762030..30762082:+
chromosome_7_14387,90.4,95 +/- 5%,-,177,156,0,21,yes,-,-,-,-,ugugcuuaaucuuggacuugaaua,ucaagagcugagauuaagucgcc,ugugcuuaaucuuggacuugaauauuuaauauucaagagcugagauuaagucgcc,chromosome_7:4792667..4792722:-
chromosome_4_7667,85.1,95 +/- 5%,-,164,117,0,47,yes,-,-,-,-,uggcuuggaguucuagugauuga,auucacugaacuccaaaccuga,uggcuuggaguucuagugauugauucacugauucacugaacuccaaaccuga,chromosome_4:21652226..21652278:-
chromosome_4_7647,85.1,95 +/- 5%,-,164,117,0,47,yes,-,-,-,-,uggcuuggaguucuagugauuga,auucacugaacuccaaaccuga,uggcuuggaguucuagugauugauucacugauucacugaacuccaaaccuga,chromosome_4:21643421..21643473:-
chromosome_13_33360,72.1,95 +/- 5%,-,139,102,0,37,yes,-,-,-,-,ucagucgcugcaauuucauuacg,uagugaaauuguagcggcuuaua,uagugaaauuguagcggcuuauauugacuaucagucgcugcaauuucauuacg,chromosome_13:25927757..25927810:-
chromosome_13_33906,67.9,95 +/- 5%,-,134,124,0,10,yes,-,-,-,-,ucagaaagagaaugaacaccag,ugguguccaucuucuaucuaacu,ugguguccaucuucuaucuaacuguuguugucagaaagagaaugaacaccag,chromosome_13:39611471..39611523:-
chromosome_6_10581,51.9,95 +/- 5%,-,98,95,0,3,yes,-,-,-,-,uuuggguguucuagacgugaucg,auuacgucuagaacacugaaagauuc,auuacgucuagaacacugaaagauucaaucuuuggguguucuagacgugaucg,chromosome_6:9195246..9195299:+
chromosome_6_10410,45.6,95 +/- 5%,-,96,93,0,3,yes,-,-,-,-,ugauguaagagcuugaacuucuu,aaaguuaaagcuuugacaucuga,ugauguaagagcuugaacuucuuuuucaaaaaguuaaagcuuugacaucuga,chromosome_6:4849435..4849487:+
chromosome_4_7671,27.7,95 +/- 5%,-,54,47,0,7,yes,-,-,-,-,auucacugaacuccaaaccuga,uuguuuggaguucuauugauuu,uuguuuggaguucuauugauuuauucacuaauucacugaacuccaaaccuga,chromosome_4:21652977..21653029:-
chromosome_4_7651,27.7,95 +/- 5%,-,54,47,0,7,yes,-,-,-,-,auucacugaacuccaaaccuga,uuguuuggaguucuauugauuu,uuguuuggaguucuauugauuuauucacuaauucacugaacuccaaaccuga,chromosome_4:21644167..21644219:-
chromosome_6_10220,26.2,95 +/- 5%,-,49,43,0,6,yes,-,-,-,-,uuaugggucgauugagucugggg,ucagacucacucaacccaaa,uuaugggucgauugagucugggguuuaaccucagacucacucaacccaaa,chromosome_6:197507..197557:+
chromosome_4_6472,24.2,95 +/- 5%,-,45,43,0,2,yes,-,-,-,-,aagucaaucgucuucuguuccauu,uggaacagagaacaauugaccu,aagucaaucgucuucuguuccauuucaaauggaacagagaacaauugaccu,chromosome_4:21660775..21660826:+
chromosome_6_11566,23.8,95 +/- 5%,-,44,40,0,4,yes,-,-,-,-,ccccagacucaaucgacccauaa,uuuggguugagugagucuga,uuuggguugagugagucugagguuaaaccccagacucaaucgacccauaa,chromosome_6:197507..197557:-
chromosome_4_6451,23.6,95 +/- 5%,-,45,42,0,3,yes,-,-,-,-,ucagguuuggaguucagugaau,aaucaauagaacuccaaacaa,ucagguuuggaguucagugaauuagugaauaaaucaauagaacuccaaacaa,chromosome_4:21644167..21644219:+
chromosome_4_6465,23.6,95 +/- 5%,-,45,42,0,3,yes,-,-,-,-,ucagguuuggaguucagugaau,aaucaauagaacuccaaacaa,ucagguuuggaguucagugaauuagugaauaaaucaauagaacuccaaacaa,chromosome_4:21652977..21653029:+
chromosome_7_15261,18.2,95 +/- 5%,-,36,27,0,9,yes,-,-,-,-,aggaauagcaaugguagaccacg,ucauccaccacuccuauucccac,aggaauagcaaugguagaccacgugauuaucaugucauccaccacuccuauucccac,chromosome_7:26379874..26379931:-
chromosome_12_27452,18,95 +/- 5%,-,33,30,0,3,yes,-,-,-,-,aguguucauggcuguguaauaau,uauuucucagccaugaaaacug,aguguucauggcuguguaauaauuuuuaauuauuucucagccaugaaaacug,chromosome_12:23068728..23068780:+
chromosome_5_9629,14.6,95 +/- 5%,-,28,23,0,5,yes,-,-,-,-,auuucaaguagauaguccacagcc,ccugucacuaucuacuugaauu,auuucaaguagauaguccacagccuuuaacccugucacuaucuacuugaauu,chromosome_5:13785430..13785482:-
chromosome_4_6368,13.1,95 +/- 5%,-,23,21,0,2,yes,-,-,-,-,ugauuuguaaagacagcgcuguau,uacaguacuguccuuacaaauca,ugauuuguaaagacagcgcuguauauuaaaauacaguacuguccuuacaaauca,chromosome_4:19958510..19958564:+
chromosome_4_7144,10.9,95 +/- 5%,-,17,16,0,1,yes,-,-,-,-,uugcagacgaacaaaaccccggu,gggguuuuguucaucugcaacg,uugcagacgaacaaaaccccgguagacuauaccgggguuuuguucaucugcaacg,chromosome_4:9682308..9682363:-
chromosome_10_21173,10.8,95 +/- 5%,-,21,14,0,7,yes,-,-,-,-,uacauaugauauagaauuccaca,uggauuucuuuacuauaugugcaa,uggauuucuuuacuauaugugcaauuuaauuuuacauaugauauagaauuccaca,chromosome_10:12450165..12450220:+
chromosome_5_8100,8.9,95 +/- 4%,-,15,10,0,5,yes,-,-,-,-,agcguggcuacuuguuauugag,uaauaucaugguugccag,agcguggcuacuuguuauugagaucagcuuaauaucaugguugccag,chromosome_5:5566160..5566207:+
chromosome_2_2988,8.6,95 +/- 4%,-,13,12,0,1,yes,-,-,-,-,cguggcaaguccuuuaauuuca,aauuaaaggacuugccacg,aauuaaaggacuugccacgcaauccguggcaaguccuuuaauuuca,chromosome_2:2155539..2155585:-
chromosome_6_10411,8,95 +/- 4%,-,27,13,0,14,no,-,-,-,-,ugauguuagagcuuuaacuucuu,auaauuauagcucugacauguga,ugauguuagagcuuuaacuucuuuuuuaaaauaauuauagcucugacauguga,chromosome_6:4849903..4849956:+
chromosome_10_22489,7.5,95 +/- 4%,-,11,9,0,2,yes,-,-,-,-,ucacgcaaaaucaaaacccucu,aggguuuagaguuugugugacu,ucacgcaaaaucaaaacccucuuucaaagaggguuuagaguuugugugacu,chromosome_10:5278801..5278852:-
chromosome_9_18122,6.7,95 +/- 4%,-,11,9,0,2,yes,-,-,-,-,ggcguguaacauugacuacuga,auaguucaauauuacacgcgaca,ggcguguaacauugacuacugacuuugauucauaguucaauauuacacgcgaca,chromosome_9:4184707..4184761:+
chromosome_2_2495,6.6,95 +/- 4%,-,10,9,0,1,yes,-,-,-,-,acaguagucauucccacagg,ugugggaauugcuuacagacuuccuu,ugugggaauugcuuacagacuuccuuaauggaacaguagucauucccacagg,chromosome_2:17773529..17773581:+
chromosome_5_9272,6.5,95 +/- 4%,-,14,10,0,4,yes,-,-,-,-,cucaauaacaaguagccacgcu,cuggcaaccaugauauua,cuggcaaccaugauauuaagcugaucucaauaacaaguagccacgcu,chromosome_5:5566160..5566207:-
chromosome_1_979,6.3,95 +/- 4%,-,9,4,0,5,yes,-,-,-,-,aguacgaggguguguucgaaaug,uuuccaacacucccucgu,aguacgaggguguguucgaaauguuaaacauuuccaacacucccucgu,chromosome_1:5763343..5763391:-
chromosome_12_26767,6.1,95 +/- 4%,-,12,10,0,2,yes,-,-,-,-,uuugcuaguugcuuuugucccauu,uaggcaaaaguuucaagcacaug,uaggcaaaaguuucaagcacauguuuaucauuugcuaguugcuuuugucccauu,chromosome_12:6515505..6515559:+
chromosome_13_33361,5.7,96 +/- 3%,-,9,8,0,1,yes,-,-,-,-,aaucuuaaguaaguuccaucacua,gugucggaaccuacuugggaccgu,aaucuuaaguaaguuccaucacuauuuaguagugucggaaccuacuugggaccgu,chromosome_13:25931005..25931060:-
chromosome_11_23980,5.6,96 +/- 3%,-,8,7,0,1,yes,-,-,-,-,caucaaaguggcaauucauaga,uauguaaucgccauauuugaugau,caucaaaguggcaauucauagauuuaguuuauguaaucgccauauuugaugau,chromosome_11:5267137..5267190:+
chromosome_7_14472,5.2,96 +/- 3%,-,6,2,0,4,yes,-,-,-,-,cuuuuguagagaaacggucaa,ugacuguuucucugcaaaag,cuuuuguagagaaacggucaaaucaaaacggggccauaggcgccuaugccccguuuugauuugacuguuucucugcaaaag,chromosome_7:5985774..5985855:-
chromosome_14_45644,5.1,96 +/- 3%,-,8,3,0,5,yes,-,-,-,-,ggguacauguuccuguagaaacu,uggcuacaagaacauguccu,uggcuacaagaacauguccuucauuuaaugggguacauguuccuguagaaacu,chromosome_14:41093474..41093527:-
chromosome_11_25318,5,96 +/- 3%,-,5,2,0,3,yes,-,-,-,-,cgugacaagcccaaaggacgu,uucuuugggcucgucacgcg,uucuuugggcucgucacgcguuagggagaaaugcgugacaagcccaaaggacgu,chromosome_11:5646472..5646526:-
chromosome_5_8352,4.9,95 +/- 3%,-,4,3,0,1,yes,-,-,-,-,cguuccggaccgguuccag,agaaccgguccggaacgga,agaaccgguccggaacggauccauaacuggaccugcaaaauagcagguccaguuuuggauccguuccggaccgguuccag,chromosome_5:11429122..11429202:+
chromosome_4_7657,4.8,95 +/- 3%,-,6,5,0,1,yes,-,-,-,-,auuuuguuuggaguuccagugu,acugaacuccaaacaugauuuc,auuuuguuuggaguuccaguguuuuaugcacugaacuccaaacaugauuuc,chromosome_4:21646990..21647041:-
chromosome_13_32848,4.5,95 +/- 3%,-,7,6,0,1,yes,-,-,-,-,aaacaccugaacccugugaaa,cacagaguuugggugucuga,cacagaguuugggugucugaaucaauuuggaugucaaacaccugaacccugugaaa,chromosome_13:15058234..15058290:-
chromosome_10_23740,3.8,96 +/- 3%,-,5,4,0,1,yes,-,-,-,-,ugcgcgaugucugcauguucag,gcauguagccaucuccuauuuc,gcauguagccaucuccuauuuccuuaggaaaugcgcgaugucugcauguucag,chromosome_10:33446301..33446354:-
chromosome_1_735,3.7,96 +/- 3%,-,4,3,0,1,yes,-,-,-,-,aagcaacggccggaaaugcg,auuuccggcugucguuucu,auuuccggcugucguuucucuccgcugaaaagcaaagcaacgcaaagagaagcaacggccggaaaugcg,chromosome_1:20377843..20377912:+
chromosome_2_3394,3.3,96 +/- 3%,-,28,12,0,16,yes,-,-,-,-,accgggguuuuguucgucugcaa,uugcagacgaacaaaaccccggu,uugcagacgaacaaaaccccgguauagugcuauaccgggguuuuguucgucugcaa,chromosome_2:12640954..12641010:-
chromosome_14_39713,3.2,96 +/- 3%,-,108,106,0,2,yes,-,-,-,-,guucgauucccguugggga,uccccgacgggaaucgaacc,uccccgacgggaaucgaacccauggccucccugauaccgguaucugugaggccaugaguucgauucccguugggga,chromosome_14:45236001..45236077:+
chromosome_8_16884,3.2,96 +/- 3%,-,97,97,0,0,yes,-,-,-,-,cgagaggccugggccauc,cgauccaggccucucgcg,cgauccaggccucucgcgaccaugcacucucuuccuuucccgaagggagagagugcauggccgcgagaggccugggccauc,chromosome_8:3035512..3035593:-
chromosome_6_11898,3.1,96 +/- 3%,rRNA/tRNA,85,85,0,0,yes,-,-,-,-,guucgauucccguugggac,ccccgaaucgaaccc,ccccgaaucgaacccauggccucaacccuaaccgguaucugggaggccauggguucgauucccguugggac,chromosome_6:7994217..7994288:-
chromosome_11_24007,3.1,96 +/- 3%,-,2,1,0,1,yes,-,-,-,-,uaagaacgacugcgugggagcu,gccucccacgcagucguucuua,gccucccacgcagucguucuuaggggcgaucgccccuaagaacgacugcgugggagcu,chromosome_11:5839323..5839381:+
chromosome_6_12023,3,96 +/- 3%,-,3,2,0,1,yes,-,-,-,-,agggccacgugacuaaaaaagaa,uguuuucaaucacgugcccuuua,agggccacgugacuaaaaaagaaauuauuuguuuucaaucacgugcccuuua,chromosome_6:11067973..11068025:-
chromosome_14_45874,3,96 +/- 3%,-,13,8,0,5,yes,-,-,-,-,agcaggaaguuaguagcucaga,ucugagcuacuaacuuccugcu,ucugagcuacuaacuuccugcuucagcugaagcaggaaguuaguagcucaga,chromosome_14:47102757..47102809:-
chromosome_6_10540,2.9,97 +/- 2%,-,58,58,0,0,yes,-,-,-,-,gucccaacgggaaucgaac,ucgauucggggacuc,gucccaacgggaaucgaacccauggccucccagauaccgguuaggguugaggccauggguucgauucggggacuc,chromosome_6:7994217..7994292:+
chromosome_2_1874,2.9,97 +/- 2%,-,14,13,0,1,yes,-,-,-,-,ugaaauuaaaggacuugccacg,cguggcaaguccuuuaauu,ugaaauuaaaggacuugccacggauugcguggcaaguccuuuaauu,chromosome_2:2155539..2155585:+
chromosome_14_39807,2.8,97 +/- 2%,-,14,6,0,8,yes,-,-,-,-,ucugagcuacuaacuuccugcu,agcaggaaguuaguagcucaga,ucugagcuacuaacuuccugcuucagcugaagcaggaaguuaguagcucaga,chromosome_14:47102757..47102809:+
chromosome_9_18003,2.7,97 +/- 2%,-,146,138,0,8,yes,-,-,-,-,agccucacgucuuugauaauucu,agaauuaugaaagacgugaggcc,agaauuaugaaagacgugaggccguaacagccucacgucuuugauaauucu,chromosome_9:1210859..1210910:+
chromosome_12_27494,2.7,97 +/- 2%,-,12,12,0,0,yes,-,-,-,-,uaggauguauuggaacuuucaau,ugaaaguuccaaucauccuaag,uaggauguauuggaacuuucaauaauuauuauugaaaguuccaaucauccuaag,chromosome_12:23771275..23771329:+
chromosome_13_33337,2.7,97 +/- 2%,-,53,23,0,30,yes,-,-,-,-,uacuugaagucgauugacaug,gaugucaaucgucuucaaguac,gaugucaaucgucuucaaguacauguaacauguacuugaagucgauugacaug,chromosome_13:25495292..25495345:-
chromosome_9_19379,2.7,97 +/- 2%,-,166,154,0,12,yes,-,-,-,-,agaauuaucaaagacgugaggcu,ggccucacgucuuucauaauu,agaauuaucaaagacgugaggcuguuacggccucacgucuuucauaauu,chromosome_9:1210861..1210910:-
chromosome_4_7584,2.6,97 +/- 2%,-,22,20,0,2,yes,-,-,-,-,auacagcgcugucuuuacaaauca,ugauuuguaaggacaguacugua,ugauuuguaaggacaguacuguauuuuaauauacagcgcugucuuuacaaauca,chromosome_4:19958510..19958564:-
chromosome_1_5,2.6,97 +/- 2%,-,455,455,0,0,yes,-,-,-,-,uaagacucugaggauggaau,uccuucuucaaggucuuaca,uccuucuucaaggucuuacauuuuuuguaagacucugaggauggaau,chromosome_1:70466..70513:+
chromosome_14_40262,2.6,97 +/- 2%,-,56,28,0,28,yes,-,-,-,-,gaccaguucuuuuguaaugc,gcauuacaaaagaacuggucu,gcauuacaaaagaacuggucuucuugugagagaccaguucuuuuguaaugc,chromosome_14:57806489..57806540:+
chromosome_2_1983,2.5,97 +/- 2%,-,58,58,0,0,yes,-,-,-,-,uugucaaaacgaacugugcuucc,guugcauaguuuuuauugacaacu,guugcauaguuuuuauugacaacuuuaaguguugucaaaacgaacugugcuucc,chromosome_2:5314217..5314271:+
chromosome_14_46330,2.5,97 +/- 2%,-,55,27,0,28,yes,-,-,-,-,gaccaguucuuuuguaaugc,gcauuacaaaagaacuggucu,gcauuacaaaagaacuggucucucacaagaagaccaguucuuuuguaaugc,chromosome_14:57806489..57806540:-
chromosome_6_10589,2.5,97 +/- 2%,-,17,16,0,1,yes,-,-,-,-,aaucgaacaucugccagugcaa,uugcacuggcagauguucc,uugcacuggcagauguuccgauuuuaaaaaucgaacaucugccagugcaa,chromosome_6:9302219..9302269:+
chromosome_11_25258,2.5,97 +/- 2%,-,19,19,0,0,yes,-,-,-,-,acaguuagugaauaguggaguc,auccauuauucacuaacuguua,auccauuauucacuaacuguuaaaaacaguuagugaauaguggaguc,chromosome_11:4453837..4453884:-
chromosome_6_11939,2.5,97 +/- 2%,-,19,17,0,2,yes,-,-,-,-,uugcacuggcagauguucgauu,ucggaacaucugccagugcaauau,uugcacuggcagauguucgauuuuuaaaaucggaacaucugccagugcaauau,chromosome_6:9302216..9302269:-
chromosome_7_14129,2.5,97 +/- 2%,-,58,58,0,0,yes,-,-,-,-,auaguccuuuucgaguuguuuuu,agacaacuugaaaaggacuauua,agacaacuugaaaaggacuauuaaauaguccuuuucgaguuguuuuu,chromosome_7:30370288..30370335:+
chromosome_7_13793,2.5,97 +/- 2%,-,6044,6044,0,0,yes,-,-,-,-,ccacaaguucggaucuacggguu,ccauggagccgaacuuguggag,ccauggagccgaacuuguggagaaaaaucccacaaguucggaucuacggguu,chromosome_7:21599199..21599251:+
chromosome_10_21861,2.5,97 +/- 2%,-,25,25,0,0,yes,-,-,-,-,uuacuuccgcucaaguucacg,gcaaccugagcggaagucuuc,gcaaccugagcggaagucuucuucaagauuacuuccgcucaaguucacg,chromosome_10:27379402..27379451:+
chromosome_2_1895,2.5,97 +/- 2%,-,52,52,0,0,yes,-,-,-,-,agacucguagcucaguugguuagag,cugguugaccaacugagcuacgagagacu,cugguugaccaacugagcuacgagagacucguugugagagagacucguagcucaguugguuagag,chromosome_2:2983974..2984039:+
chromosome_10_23479,2.4,97 +/- 2%,-,23,23,0,0,yes,-,-,-,-,cgugaacuugagcggaaguaa,acuuccgcucagguugccgaa,cgugaacuugagcggaaguaaucuugaagaagacuuccgcucagguugccgaa,chromosome_10:27379398..27379451:-
chromosome_1_295,2.4,97 +/- 2%,-,15,10,0,5,yes,-,-,-,-,uaauaagcuuaaguuuuggaua,uauccaaaacuuaagcuuauua,uauccaaaacuuaagcuuauuaagacaagguuaauaagcuuaaguuuuggaua,chromosome_1:7941836..7941889:+
chromosome_6_10596,2.4,97 +/- 2%,-,24,7,17,0,yes,-,-,-,-,cguggccagugguuagagc,ucugaccacuagcuggua,cguggccagugguuagagcgccggacuugaaauccggaggucgcggguucaagucccguucugaccacuagcuggua,chromosome_6:9437034..9437111:+
chromosome_11_25121,2.4,97 +/- 2%,-,16,16,0,0,yes,-,-,-,-,aagguaguaggaaaacuugcaau,ugcaaguuuuccuaguaucuugu,aagguaguaggaaaacuugcaaucuuugaauugcaaguuuuccuaguaucuugu,chromosome_11:404862..404916:-
chromosome_14_39474,2.4,97 +/- 2%,-,16,16,0,0,yes,-,-,-,-,uuacuuguugguagagcauucca,gaauguacuaccagcaaguuaau,uuacuuguugguagagcauuccauuuaauggaauguacuaccagcaaguuaau,chromosome_14:40086361..40086414:+
chromosome_1_1060,2.4,97 +/- 2%,-,15,7,0,8,yes,-,-,-,-,uaauaagcuuaaguuuuggaua,uauccaaaacuuaagcuuauua,uauccaaaacuuaagcuuauuaaccuugucuuaauaagcuuaaguuuuggaua,chromosome_1:7941836..7941889:-
chromosome_11_23926,2.3,97 +/- 2%,-,23,22,0,1,yes,-,-,-,-,gacuccacuauucacuaacugu,uuagugaauaauggauucu,gacuccacuauucacuaacuguuuuuaacaguuagugaauaauggauucu,chromosome_11:4453837..4453887:+
chromosome_7_15465,2.2,97 +/- 2%,-,61,61,0,0,yes,-,-,-,-,aaaaacaacucgaaaaggacuau,aguccuuuucaaguugucuuuug,aaaaacaacucgaaaaggacuauuuaauaguccuuuucaaguugucuuuug,chromosome_7:30370284..30370335:-
chromosome_6_10340,2.2,97 +/- 2%,-,18,18,0,0,yes,-,-,-,-,aaacauguaaugccguagauuuuu,aaaucuauggcauuaaugcuuug,aaacauguaaugccguagauuuuuuuuaaaaagaaaaucuauggcauuaaugcuuug,chromosome_6:2652578..2652635:+
chromosome_6_11931,2.2,97 +/- 2%,-,87,87,0,0,yes,-,-,-,-,cgaucacgucuagaacacccaaa,ucaguguucuagacguaaucgca,cgaucacgucuagaacacccaaagauugaaucuuucaguguucuagacguaaucgca,chromosome_6:9195242..9195299:-
chromosome_12_29416,2.2,97 +/- 2%,-,11,11,0,0,yes,-,-,-,-,auugaaaguuccaauacauccua,ggaugauuggaacuuucaauaa,ggaugauuggaacuuucaauaauaauuauugaaaguuccaauacauccua,chromosome_12:23771275..23771325:-
chromosome_3_3872,2.2,97 +/- 2%,-,423,423,0,0,yes,-,-,-,-,ugaucuuguagguuccaucuuau,uggaugggaccuauaaguucaca,ugaucuuguagguuccaucuuauuuaauuggaugggaccuauaaguucaca,chromosome_3:3503369..3503420:+
chromosome_12_29208,2.2,97 +/- 2%,-,23,23,0,0,yes,-,-,-,-,gggaacaagccgaaacauug,auguuucggcuugcacccaa,auguuucggcuugcacccaagaacgggaacaagccgaaacauug,chromosome_12:19826692..19826736:-
chromosome_2_1875,2.1,97 +/- 2%,-,12,5,4,3,no,-,-,-,-,caacugaauugugacgugacu,ugggaggggguuggguugu,caacugaauugugacgugacuggcugaucagaggucaaacuuugggggugguugggaggggguuggguugu,chromosome_2:2236745..2236816:+
chromosome_11_26381,2.1,97 +/- 2%,-,16,16,0,0,yes,-,-,-,-,uuuguccaaacgauaacacuggu,caauguuaucauuuggauaaagg,uuuguccaaacgauaacacugguauuaugccaauguuaucauuuggauaaagg,chromosome_11:30949733..30949786:-
chromosome_14_40793,2.1,97 +/- 2%,-,11,11,0,0,yes,-,-,-,-,caacguggccgagugguuagg,ugaccacuaccugguguuguu,caacguggccgagugguuagggcgccggacuugaaauccgaaggccccggguucaagucccguucugaccacuaccugguguuguu,chromosome_14:10155010..10155096:-
chromosome_11_25027,2.1,97 +/- 2%,-,14,14,0,0,yes,-,-,-,-,accaguguuaucguuuggacaaa,uauccaaaugauaacauuggcau,uauccaaaugauaacauuggcauaauaccaguguuaucguuuggacaaa,chromosome_11:30949737..30949786:+
chromosome_6_11692,2.1,97 +/- 2%,-,17,17,0,0,yes,-,-,-,-,aaaaaucuacggcauuacaugu,auuaaugccauagauuuucuu,auuaaugccauagauuuucuuuuuaaaaaaaaucuacggcauuacaugu,chromosome_6:2652580..2652629:-
chromosome_14_45568,2.1,97 +/- 2%,-,15,15,0,0,yes,-,-,-,-,uggaaugcucuaccaacaaguaa,acuugcugguaguacauuccauu,acuugcugguaguacauuccauuaaauggaaugcucuaccaacaaguaa,chromosome_14:40086361..40086410:-
chromosome_10_22740,2,97 +/- 2%,-,506,485,0,21,yes,-,-,-,-,uaagaaguacaagugguag,cugccacuuguauuuucuucca,cugccacuuguauuuucuuccacguucaucgauguaagaaguacaagugguag,chromosome_10:11981324..11981377:-
chromosome_11_25283,2,97 +/- 2%,-,41,41,0,0,yes,-,-,-,-,aggcaggucuuuuuguggug,ucacgaaaaggccugauagg,aggcaggucuuuuuguggugcuuuaaaaguaucacgaaaaggccugauagg,chromosome_11:5010942..5010993:-
chromosome_4_7676,2,97 +/- 2%,-,41,41,0,0,yes,-,-,-,-,aauggaacagaagacgauugacuu,gucaauuguucucuguuccauuug,gucaauuguucucuguuccauuugaaauggaacagaagacgauugacuu,chromosome_4:21660775..21660824:-
chromosome_10_21073,2,97 +/- 2%,-,17,17,0,0,yes,-,-,-,-,gcuuagagggacaagugg,acuuguucuucgugcacca,acuuguucuucgugcaccaggcucagccggcuuagagggacaagugg,chromosome_10:9332442..9332489:+
chromosome_10_23748,2,97 +/- 2%,-,32,32,0,0,yes,-,-,-,-,uaaaccuucugaacuuaaug,uuaaguuaaggagauuuaaa,uuaaguuaaggagauuuaaauuuaauuuuaaaccuucugaacuuaaug,chromosome_10:33589081..33589129:-
chromosome_6_11960,2,97 +/- 2%,-,17,17,0,0,yes,-,-,-,-,uacuguuaggagauuagugaaua,uuuacuaaucuuccagcaguaua,uuuacuaaucuuccagcaguauauucacuauacuguuaggagauuagugaaua,chromosome_6:9744612..9744665:-
chromosome_6_11956,1.9,93 +/- 2%,-,17,17,0,0,yes,-,-,-,-,uacuguuaggagauuagugaaua,uuuacuaaucuuccagcaguaua,uuuacuaaucuuccagcaguauauucacuauacuguuaggagauuagugaaua,chromosome_6:9688477..9688530:-
chromosome_5_8455,1.9,93 +/- 2%,-,23,21,0,2,yes,-,-,-,-,ggcuguggacuaucuacuugaaau,aauucaaguagauagugacagg,aauucaaguagauagugacaggguuaaaggcuguggacuaucuacuugaaau,chromosome_5:13785430..13785482:+
chromosome_10_21176,1.8,93 +/- 2%,-,183,183,0,0,yes,-,-,-,-,uuaucgaauacuuugaugcagu,uguaucaauuuguucgacaaua,uuaucgaauacuuugaugcaguguuuacaguguaucaauuuguucgacaaua,chromosome_10:12463653..12463705:+
chromosome_5_8332,1.8,93 +/- 2%,-,22,22,0,0,yes,-,-,-,-,acagccguaauugcaauaauua,auuauugcaguugcugcuauug,acagccguaauugcaauaauuauaauaaauauaauuauugcaguugcugcuauug,chromosome_5:11282790..11282845:+
chromosome_11_23775,1.8,93 +/- 2%,-,13,13,0,0,yes,-,-,-,-,gauugcaaguuuuccuacuaccu,auacuaggaaaacuugcaauuca,auacuaggaaaacuugcaauucaaagauugcaaguuuuccuacuaccu,chromosome_11:404867..404915:+
chromosome_3_4760,1.7,93 +/- 2%,-,405,405,0,0,yes,-,-,-,-,auaagauggaaccuacaagauca,aacuuauaggucccauccaauua,aacuuauaggucccauccaauuaaauaagauggaaccuacaagauca,chromosome_3:3503369..3503416:-
chromosome_12_29773,1.7,93 +/- 2%,-,11,11,0,0,yes,-,-,-,-,acugagcaauuguuacagguaga,uauuuguaacaauuauucaauuu,acugagcaauuguuacagguagaauaauacauucuauuuguaacaauuauucaauuu,chromosome_12:29194483..29194540:-
chromosome_5_10002,1.6,93 +/- 2%,-,33,33,0,0,yes,-,-,-,-,aguguacaauuccuaaguaag,aacuuugguauuguacacucu,aacuuugguauuguacacucuaaaaguguacaauuccuaaguaag,chromosome_5:23799493..23799538:-
chromosome_10_20797,1.6,93 +/- 2%,-,10,10,0,0,yes,-,-,-,-,caacugcaaccugaugaaauagc,uaucuuauccgauuggaguuguu,uaucuuauccgauuggaguuguucuaagaacaacugcaaccugaugaaauagc,chromosome_10:2409642..2409695:+
chromosome_2_3103,1.6,93 +/- 2%,-,58,58,0,0,yes,-,-,-,-,ggaagcacaguucguuuugacaa,gucaauaaaaacuaugcaacccac,ggaagcacaguucguuuugacaacacuuaaaguugucaauaaaaacuaugcaacccac,chromosome_2:5314213..5314271:-
chromosome_9_20538,1.6,93 +/- 2%,-,15,15,0,0,yes,-,-,-,-,uaccagugagaacagaaaugcgu,acauuuuuguuuucuuuuguaau,acauuuuuguuuucuuuuguaauuuuaaguuaccagugagaacagaaaugcgu,chromosome_9:29811346..29811399:-
chromosome_5_8830,1.5,93 +/- 2%,-,25,24,0,1,yes,-,-,-,-,ccaauaaucuggggauugugcacu,uacauaacccagauuauugua,ccaauaaucuggggauugugcacuuuacguuuacauaacccagauuauugua,chromosome_5:23795878..23795930:+
chromosome_1_1414,1.5,93 +/- 2%,-,18,18,0,0,yes,-,-,-,-,gcugaguuccauaaacaugcaaaa,uugcuuguuuaugaacuaagaca,uugcuuguuuaugaacuaagacaaagcugaguuccauaaacaugcaaaa,chromosome_1:18136832..18136881:-
chromosome_12_29366,1.5,93 +/- 2%,-,28,28,0,0,yes,-,-,-,-,auuauuacacagccaugaacacu,uuuucauggcugagaaauaauua,uuuucauggcugagaaauaauuaaaaauuauuacacagccaugaacacu,chromosome_12:23068728..23068777:-
chromosome_5_9516,1.4,93 +/- 2%,-,25,25,0,0,yes,-,-,-,-,uaauuauugcaauuacggcugu,agcagcaacugcaauaauuaua,agcagcaacugcaauaauuauauuuauuauaauuauugcaauuacggcugu,chromosome_5:11282790..11282841:-
chromosome_2_3657,1.3,93 +/- 2%,-,2446,2446,0,0,yes,-,-,-,-,caugcuacaauuccaugc,auggccuguugaggccugcc,caugcuacaauuccaugcaaaaguggaguuagcugcacugaugccauggccuguugaggccugcc,chromosome_2:19486488..19486553:-
chromosome_1_1265,1.2,93 +/- 2%,-,31,31,0,0,yes,-,-,-,-,uaaucuugacacagacuggca,ccauccuuuguuaagauaacu,uaaucuugacacagacuggcaauuuugauaauuaccauccuuuguuaagauaacu,chromosome_1:14412106..14412161:-
chromosome_10_22325,1.2,93 +/- 2%,-,9,9,0,0,yes,-,-,-,-,gcuauuucaucagguugcaguug,acuccaaucggauaagauagcag,gcuauuucaucagguugcaguuguucuuagaacaacuccaaucggauaagauagcag,chromosome_10:2409638..2409695:-
chromosome_9_20600,1.1,93 +/- 2%,-,8,8,0,0,yes,-,-,-,-,uggacgaucgcggcuucgc,gaagacgcgaucgucgaga,gaagacgcgaucgucgagaaaguggcgaagccaucgugacuucgacacucucuggacgaucgcggcuucgc,chromosome_9:30613354..30613425:-
chromosome_7_13736,1,93 +/- 2%,-,10,10,0,0,yes,-,-,-,-,ucacgccgcugaguuuuca,aauguuuuggcggcguggag,ucacgccgcugaguuuucagcuugguuucgcaacugauguuccaagucacuuagaauguuuuggcggcguggag,chromosome_7:20331256..20331330:+
chromosome_14_39663,1,93 +/- 2%,-,11,9,0,2,yes,-,-,-,-,cgauauugugugagacgagu,acucgucugauucaauaucuuu,acucgucugauucaauaucuuuauuauaacgauauugugugagacgagu,chromosome_14:44009496..44009545:+
chromosome_13_32945,0.9,81 +/- 3%,-,14,14,0,0,yes,-,-,-,-,uaaaccugaaagaaaccuacau,ggcagguuuauuucaaguuugug,uaaaccugaaagaaaccuacauguucauggcagguuuauuucaaguuugug,chromosome_13:17720658..17720709:-
chromosome_12_27801,0.9,81 +/- 3%,-,12,12,0,0,yes,-,-,-,-,ucuaccuguaacaauugcucagu,ugaauaauuguuacaaauagaau,ugaauaauuguuacaaauagaauguauuauucuaccuguaacaauugcucagu,chromosome_12:29194487..29194540:+
chromosome_9_18823,0.9,81 +/- 3%,-,23,23,0,0,yes,-,-,-,-,uaucaaguggugugggcgaua,uccgccacugcaugugacaug,uccgccacugcaugugacaugguaauaucaaguggugugggcgaua,chromosome_9:18520169..18520215:+
chromosome_9_20209,0.9,81 +/- 3%,-,20,20,0,0,yes,-,-,-,-,uaucgcccacaccacuugaua,ucacaugcaguggcggaucaa,uaucgcccacaccacuugauauuaccaugucacaugcaguggcggaucaa,chromosome_9:18520165..18520215:-
chromosome_10_22012,0.9,81 +/- 3%,-,39,39,0,0,yes,-,-,-,-,uuuuaacgauucuaguuuacuuu,gguaaacuaagaugguuaaaucu,uuuuaacgauucuaguuuacuuuauuuuaugguaaacuaagaugguuaaaucu,chromosome_10:30761418..30761471:+
chromosome_6_12110,0.9,81 +/- 3%,-,14,14,0,0,yes,-,-,-,-,uuuauaguauguugaaua,aaaaacaaacuaaagug,aaaaacaaacuaaagugccuuggcgcggccuuggcguauuuauaguauguugaaua,chromosome_6:13340947..13341003:-
chromosome_6_10579,0.7,81 +/- 3%,-,32,32,0,0,yes,-,-,-,-,cuccugugggggugucuucuu,ggccccauccucaaaguagac,ggccccauccucaaaguagacuaucucucaugaagugaucucucaugagacucucuccugugggggugucuucuu,chromosome_6:9120042..9120117:+
chromosome_13_31816,0.7,81 +/- 3%,-,8,8,0,0,yes,-,-,-,-,aagaaagcccugaccaccuucucu,ugagggugguaggggguuucuuug,aagaaagcccugaccaccuucucuuaaugugagggugguaggggguuucuuug,chromosome_13:36030297..36030350:+
chromosome_5_10083,0.7,81 +/- 3%,-,14,14,0,0,yes,-,-,-,-,cgcaacuuccgcgggcuaaaaau,uuuuaaccagugaaaguugagca,cgcaacuuccgcgggcuaaaaauucacauaaaggaauuuuuaaccagugaaaguugagca,chromosome_5:26230031..26230091:-
chromosome_13_32593,0.6,81 +/- 3%,-,9,9,0,0,yes,-,-,-,-,ucgauguacagucauguuugu,uaacaugacuguacaguguau,ucgauguacagucauguuuguacauaauguaguaacaugacuguacaguguau,chromosome_13:9868553..9868606:-
chromosome_14_35190,0.6,81 +/- 3%,-,8,3,0,5,yes,-,-,-,-,aaaggccaaaguuucuguuau,gaaacugaggccuugauaa,aaaggccaaaguuucuguuauccgcagaagccgaaggcugaggcggauaacagaaacugaggccuugauaa,chromosome_14:18969621..18969692:+
chromosome_1_652,0.6,81 +/- 3%,-,20,20,0,0,yes,-,-,-,-,uuuugcauguuuauggaacucagc,uuaguucauaaacaagcaacaaa,uuuugcauguuuauggaacucagcuuugucuuaguucauaaacaagcaacaaa,chromosome_1:18136832..18136885:+
chromosome_3_4316,0.5,81 +/- 3%,-,22,22,0,0,yes,-,-,-,-,uuauagcgauggggcucaccu,augagccugcgucgcagacgua,uuauagcgauggggcucaccuagaaugaugagccugcgucgcagacgua,chromosome_3:15513949..15513998:+
chromosome_6_10610,0.5,81 +/- 3%,-,17,17,0,0,yes,-,-,-,-,uauucacuaaucuccuaacagua,cugcuggaagauuaguaaauuac,uauucacuaaucuccuaacaguauagugaauauacugcuggaagauuaguaaauuac,chromosome_6:9744612..9744669:+
chromosome_13_32404,0.5,81 +/- 3%,-,13,13,0,0,yes,-,-,-,-,acuaauuuaaugaguaggacug,gcuugcucauuaaguuauuua,gcuugcucauuaaguuauuuaauaauuaacuaauuuaaugaguaggacug,chromosome_13:5073253..5073303:-
chromosome_9_18345,0.4,81 +/- 3%,-,9,9,0,0,yes,-,-,-,-,cgauuagcucaguugguagagcgcu,ugaaaauuaaaccacugagcuguugggu,ugaaaauuaaaccacugagcuguuggguuuagaaauugaccgccgaccgauuagcucaguugguagagcgcu,chromosome_9:8467911..8467983:+
chromosome_13_33752,0.4,81 +/- 3%,-,8,8,0,0,yes,-,-,-,-,gagaagguggucagggcuuuc,aacccccuaccacccucac,aacccccuaccacccucacauuaagagaagguggucagggcuuuc,chromosome_13:36030299..36030344:-
chromosome_13_30691,0.3,81 +/- 3%,-,9,9,0,0,yes,-,-,-,-,acaaacaugacuguacaucga,acuguacagucauguuacuac,acuguacagucauguuacuacauuauguacaaacaugacuguacaucga,chromosome_13:9868557..9868606:+
chromosome_9_20590,0.3,81 +/- 3%,-,6,3,0,3,yes,-,-,-,-,ucauacagaucggacgcgaaua,uauucgcguccgaucuguaugg,uauucgcguccgaucuguaugggcgguuacaauggcucgccugucagcacgccauuguaaccgcucauacagaucggacgcgaaua,chromosome_9:30350836..30350922:-
chromosome_13_30575,0.2,81 +/- 3%,-,9,9,0,0,yes,-,-,-,-,uucucuacuguuacacggucaca,uggcuguguaacaguugaaagua,uggcuguguaacaguugaaaguaauaguuauucucuacuguuacacggucaca,chromosome_13:7028645..7028698:+
chromosome_9_19429,0.2,81 +/- 3%,-,9,9,0,0,yes,-,-,-,-,uaacaguacaggaucggauuu,ccccauccuauacuguaacc,uaacaguacaggaucggauuuacuuaauguacccccauccuauacuguaacc,chromosome_9:2864913..2864965:-
chromosome_5_9996,0.2,81 +/- 3%,-,23,23,0,0,yes,-,-,-,-,agugcacaauccccagauuauugg,aauaaucuggguuauguaaacgua,aauaaucuggguuauguaaacguaaagugcacaauccccagauuauugg,chromosome_5:23795878..23795927:-
chromosome_11_23965,0.2,81 +/- 3%,-,49,47,0,2,yes,-,-,-,-,caccacaaaaagaccugccu,uaucaggccuuuucgugauacu,uaucaggccuuuucgugauacuuuuaaagcaccacaaaaagaccugccu,chromosome_11:5010944..5010993:+
chromosome_5_9383,0.1,81 +/- 3%,-,9,9,0,0,yes,-,-,-,-,uggucuuuaucacucuaaaauug,aucuuagagcaauaaggaucaga,uggucuuuaucacucuaaaauugauuaccaaucuuagagcaauaaggaucaga,chromosome_5:8149587..8149640:-
chromosome_10_22034,0,81 +/- 3%,-,11,11,0,0,yes,-,-,-,-,uguuaugacauugcuacugag,uagugcuguccacuagcaga,uguuaugacauugcuacugaguuauaacuuagugcuguccacuagcaga,chromosome_10:30952136..30952185:+
chromosome_8_15523,0,81 +/- 3%,-,10,9,0,1,yes,-,-,-,-,gauacuuugagacucguaaa,aucacgaaucucaaaaaau,aucacgaaucucaaaaaaucuauuaaauagauacuuugagacucguaaa,chromosome_8:695713..695762:+
chromosome_6_10608,0,81 +/- 3%,-,17,17,0,0,yes,-,-,-,-,uauucacuaaucuccuaacagua,cugcuggaagauuaguaaauuac,uauucacuaaucuccuaacaguauagugaauauacugcuggaagauuaguaaauuac,chromosome_6:9688477..9688534:+
chromosome_10_22026,0,81 +/- 3%,-,11,11,0,0,yes,-,-,-,-,uguuaugacauugcuacugag,uagugcuguccacuagcaga,uguuaugacauugcuacugaguuauaacuuagugcuguccacuagcaga,chromosome_10:30943136..30943185:+
chromosome_13_31037,0,81 +/- 3%,-,14,14,0,0,yes,-,-,-,-,auguagguuucuuucagguuua,aacuugaaauaaaccugccaug,aacuugaaauaaaccugccaugaacauguagguuucuuucagguuua,chromosome_13:17720662..17720709:+
chromosome_9_19312,0,81 +/- 3%,-,5,5,0,0,yes,-,-,-,-,cgaagccgcgaucguccag,cgacgaucgcgucuucgcc,cgaagccgcgaucguccagagagugucgaagucacgauggcuucgccacuuucucgacgaucgcgucuucgcc,chromosome_9:30613355..30613428:+
chromosome_14_40863,0,81 +/- 3%,-,148,148,0,0,yes,-,-,-,-,auugagaucaaguacugaagaag,ucaccaauacucggugcucguuuu,auugagaucaaguacugaagaagguuucguaaaccuucaccaauacucggugcucguuuu,chromosome_14:11128174..11128234:-
chromosome_7_13806,0,81 +/- 3%,-,7,7,0,0,yes,-,-,-,-,uaguugggaaagaaaugaaag,uucauuuauuucccaacuuau,uaguugggaaagaaaugaaagagaauuauucucuuucauuuauuucccaacuuau,chromosome_7:21849256..21849311:+