"","miRNA","mRNA","PCC.cor","p_value","score","energy","query_start_end","subject_start_end","total_bp_shared","query_similar","subject_similar","AST.1065","AST.1147","AST.1412","AST.1560","AST.1567","AST.1617","AST.1722","AST.2000","AST.2007","AST.2302","AST.2360","AST.2398","AST.2404","AST.2412","AST.2512","AST.2523","AST.2563","AST.2729","AST.2755","DEG"
"1","Cluster_998","evm.TU.chromosome_10.3121",0.593915776038096,0.0073366075084872,155,-20.23,"2 19","166 186",18,"77.78%","83.33%",NA,NA,NA,NA,NA,NA,NA,NA,NA,NA,NA,NA,NA,NA,NA,NA,NA,NA,NA,"N"
"2","Cluster_1452","evm.TU.chromosome_10.1435",0.588709198780331,0.00800649654965209,166,-22.82,"2 20","684 706",19,"73.68%","89.47%",NA,NA,NA,NA,NA,NA,NA,NA,NA,NA,NA,NA,NA,NA,NA,NA,NA,NA,NA,"N"
"3","Cluster_4425","evm.TU.chromosome_2.1328",-0.477280086243088,0.0387887894298667,157,-20.17,"2 16","57 77",14,"85.71%","92.86%",NA,NA,NA,NA,NA,NA,NA,NA,NA,NA,NA,NA,NA,NA,NA,NA,NA,NA,NA,"N"
"4","Cluster_1452","evm.TU.chromosome_12.2195",0.684827100099163,0.00121632402623774,151,-20.37,"2 21","20 42",20,"65.00%","75.00%",NA,NA,NA,NA,NA,NA,NA,NA,NA,NA,NA,NA,NA,NA,NA,NA,NA,NA,NA,"N"
"5","Cluster_3037","evm.TU.chromosome_4.1924",0.571460089245308,0.0105890195602645,154,-20.01,"2 20","433 456",21,"66.67%","76.19%",NA,NA,NA,NA,NA,NA,NA,NA,NA,NA,NA,NA,NA,NA,NA,NA,NA,NA,NA,"N"
"6","Cluster_3331","evm.TU.chromosome_10.57",0.624754961083772,0.00423920821882278,150,-20.95,"2 11","560 581",9,"100.00%","100.00%",NA,NA,NA,NA,NA,NA,NA,NA,NA,NA,NA,NA,NA,NA,NA,NA,NA,NA,NA,"N"
"7","Cluster_3337","evm.TU.chromosome_10.57",-0.568953591283834,0.0110146031694244,150,-20.95,"2 11","560 581",9,"100.00%","100.00%",NA,NA,NA,NA,NA,NA,NA,NA,NA,NA,NA,NA,NA,NA,NA,NA,NA,NA,NA,"N"
"8","Cluster_3338","evm.TU.chromosome_10.57",-0.596078777238318,0.00707207169406922,150,-20.95,"2 11","560 581",9,"100.00%","100.00%",NA,NA,NA,NA,NA,NA,NA,NA,NA,NA,NA,NA,NA,NA,NA,NA,NA,NA,NA,"N"
"9","Cluster_247","evm.TU.chromosome_5.701",0.595957831568995,0.00708665542132621,175,-20.59,"2 21","590 612",20,"85.00%","85.00%",NA,NA,NA,NA,NA,NA,NA,NA,NA,NA,NA,NA,NA,NA,NA,NA,NA,NA,NA,"N"
"10","Cluster_1192","evm.TU.chromosome_10.464",0.501867347219984,0.0285647555672543,153,-21.43,"2 14","253 274",12,"83.33%","91.67%",NA,NA,NA,NA,NA,NA,NA,NA,NA,NA,NA,NA,NA,NA,NA,NA,NA,NA,NA,"N"
"11","Cluster_1483","evm.TU.chromosome_7.1925",0.474593226660217,0.0400576673971058,170,-20.72,"2 21","108 132",22,"81.82%","81.82%",NA,NA,NA,NA,NA,NA,NA,NA,NA,NA,NA,NA,NA,NA,NA,NA,NA,NA,NA,"N"
"12","Cluster_2003","evm.TU.chromosome_13.1876",0.524244827668993,0.0212150639785613,151,-22.39,"2 21","274 296",20,"65.00%","75.00%",3202,1878,914,155,379,1728,931,532,1998,1979,1102,1156,2484,1838,518,2286,1402,155,141,"Y"
"13","Cluster_3889","evm.TU.chromosome_3.1586",0.533339512827703,0.0186950534101469,155,-20.74,"2 20","730 750",18,"66.67%","77.78%",NA,NA,NA,NA,NA,NA,NA,NA,NA,NA,NA,NA,NA,NA,NA,NA,NA,NA,NA,"N"
"14","Cluster_3037","evm.TU.chromosome_1.1377",0.501110264008221,0.0288442694775309,145,-20.85,"2 18","6 26",16,"68.75%","68.75%",NA,NA,NA,NA,NA,NA,NA,NA,NA,NA,NA,NA,NA,NA,NA,NA,NA,NA,NA,"N"
"15","Cluster_137","evm.TU.chromosome_1.96",0.456935233652268,0.0492089504153769,145,-20.53,"2 10","85 106",8,"100.00%","100.00%",101,662,58,6,109,208,378,76,99,266,175,433,95,135,8,146,187,0,0,"Y"
"16","Cluster_8986","evm.TU.chromosome_1.358",0.57220379307648,0.0104653292924701,176,-21.04,"2 21","587 608",19,"78.95%","89.47%",NA,NA,NA,NA,NA,NA,NA,NA,NA,NA,NA,NA,NA,NA,NA,NA,NA,NA,NA,"N"
"17","Cluster_3331","evm.TU.chromosome_13.599",0.509337701316357,0.0259187391703852,147,-20.82,"2 21","634 659",23,"60.87%","69.57%",NA,NA,NA,NA,NA,NA,NA,NA,NA,NA,NA,NA,NA,NA,NA,NA,NA,NA,NA,"N"
"18","Cluster_4425","evm.TU.chromosome_11.530",-0.472084687079212,0.0412709515650284,151,-28.6,"2 21","692 710",19,"73.68%","78.95%",NA,NA,NA,NA,NA,NA,NA,NA,NA,NA,NA,NA,NA,NA,NA,NA,NA,NA,NA,"N"
"19","Cluster_3338","evm.TU.chromosome_12.500",-0.474014193367574,0.040335254571435,172,-25.43,"2 21","519 540",19,"78.95%","84.21%",NA,NA,NA,NA,NA,NA,NA,NA,NA,NA,NA,NA,NA,NA,NA,NA,NA,NA,NA,"N"
"20","Cluster_4425","evm.TU.chromosome_12.3938",-0.508711616419014,0.0261328237430825,159,-20.24,"2 21","631 653",20,"70.00%","80.00%",NA,NA,NA,NA,NA,NA,NA,NA,NA,NA,NA,NA,NA,NA,NA,NA,NA,NA,NA,"N"
"21","Cluster_998","evm.TU.chromosome_12.2655",-0.511226169706953,0.0252813171692907,160,-21.59,"2 20","772 790",18,"77.78%","83.33%",357,343,862,124,58,785,319,201,613,262,533,262,477,540,45,616,510,76,59,"Y"
"22","Cluster_3889","evm.TU.chromosome_9.2267",0.474276345837813,0.0402093965096833,156,-20.24,"2 18","599 623",20,"75.00%","75.00%",NA,NA,NA,NA,NA,NA,NA,NA,NA,NA,NA,NA,NA,NA,NA,NA,NA,NA,NA,"N"
"23","Cluster_3889","evm.TU.chromosome_2.1788",0.567342833838471,0.0112952956473417,158,-21.14,"2 20","355 376",19,"73.68%","78.95%",NA,NA,NA,NA,NA,NA,NA,NA,NA,NA,NA,NA,NA,NA,NA,NA,NA,NA,NA,"N"
"24","Cluster_3337","evm.TU.chromosome_8.1135",-0.455788508540103,0.0498539894397888,160,-21.05,"2 21","718 739",19,"68.42%","78.95%",37,28,0,0,14,0,18,0,13,10,0,48,15,14,0,4,9,0,0,"Y"
"25","Cluster_3338","evm.TU.chromosome_8.1135",-0.462163188560386,0.0463484079512881,160,-21.05,"2 21","718 739",19,"68.42%","78.95%",37,28,0,0,14,0,18,0,13,10,0,48,15,14,0,4,9,0,0,"Y"
"26","Cluster_4754","evm.TU.chromosome_8.2761",0.714040956755259,0.000594929605902052,165,-20.7,"2 19","898 920",18,"83.33%","83.33%",NA,NA,NA,NA,NA,NA,NA,NA,NA,NA,NA,NA,NA,NA,NA,NA,NA,NA,NA,"N"
"27","Cluster_4640","evm.TU.chromosome_4.2153",0.570141974616268,0.0108111393401949,167,-22.74,"2 21","724 746",20,"80.00%","80.00%",NA,NA,NA,NA,NA,NA,NA,NA,NA,NA,NA,NA,NA,NA,NA,NA,NA,NA,NA,"N"
"28","Cluster_4425","evm.TU.chromosome_13.3739",-0.459832112802528,0.0476077505973701,159,-22.49,"2 21","551 573",20,"65.00%","85.00%",NA,NA,NA,NA,NA,NA,NA,NA,NA,NA,NA,NA,NA,NA,NA,NA,NA,NA,NA,"N"
"29","Cluster_1452","evm.TU.chromosome_6.2889",0.547119277511928,0.0153354354657767,151,-21.32,"2 21","261 279",19,"73.68%","78.95%",NA,NA,NA,NA,NA,NA,NA,NA,NA,NA,NA,NA,NA,NA,NA,NA,NA,NA,NA,"N"
"30","Cluster_9082","evm.TU.chromosome_4.2453",0.457843019180663,0.048702839641547,155,-21.41,"2 21","654 676",20,"70.00%","75.00%",NA,NA,NA,NA,NA,NA,NA,NA,NA,NA,NA,NA,NA,NA,NA,NA,NA,NA,NA,"N"
"31","Cluster_3406","evm.TU.chromosome_13.2981",0.726710686358978,0.000424630458395371,159,-21.52,"2 21","386 408",20,"70.00%","80.00%",NA,NA,NA,NA,NA,NA,NA,NA,NA,NA,NA,NA,NA,NA,NA,NA,NA,NA,NA,"N"
"32","Cluster_3044","evm.TU.chromosome_3.1163",-0.587607206156781,0.0081544566188125,161,-20.6,"2 21","662 683",20,"75.00%","85.00%",NA,NA,NA,NA,NA,NA,NA,NA,NA,NA,NA,NA,NA,NA,NA,NA,NA,NA,NA,"N"
"33","Cluster_3331","evm.TU.chromosome_12.3921",0.528205990809013,0.0200864225074405,156,-23.97,"2 21","528 549",19,"68.42%","73.68%",NA,NA,NA,NA,NA,NA,NA,NA,NA,NA,NA,NA,NA,NA,NA,NA,NA,NA,NA,"N"
"34","Cluster_3406","evm.TU.chromosome_11.987",0.737843722566836,0.000310950860235626,155,-21.11,"2 21","7 29",20,"70.00%","75.00%",NA,NA,NA,NA,NA,NA,NA,NA,NA,NA,NA,NA,NA,NA,NA,NA,NA,NA,NA,"N"
"35","Cluster_995","evm.TU.chromosome_2.1910",0.551791016818085,0.0143129029223424,160,-21.71,"2 21","258 276",19,"78.95%","78.95%",NA,NA,NA,NA,NA,NA,NA,NA,NA,NA,NA,NA,NA,NA,NA,NA,NA,NA,NA,"N"
"36","Cluster_3337","evm.TU.chromosome_2.1916",-0.572986184213793,0.0103364656272666,160,-21.31,"2 13","164 185",11,"100.00%","100.00%",NA,NA,NA,NA,NA,NA,NA,NA,NA,NA,NA,NA,NA,NA,NA,NA,NA,NA,NA,"N"
"37","Cluster_3338","evm.TU.chromosome_2.1916",-0.608493875402474,0.00569966916533087,160,-21.31,"2 13","164 185",11,"100.00%","100.00%",NA,NA,NA,NA,NA,NA,NA,NA,NA,NA,NA,NA,NA,NA,NA,NA,NA,NA,NA,"N"
"38","Cluster_3730","evm.TU.chromosome_6.1041",0.680130104250611,0.00135456494667522,160,-20.14,"2 13","650 671",11,"100.00%","100.00%",NA,NA,NA,NA,NA,NA,NA,NA,NA,NA,NA,NA,NA,NA,NA,NA,NA,NA,NA,"N"
"39","Cluster_1192","evm.TU.chromosome_5.647",0.533828920620564,0.0185665071989756,151,-20.19,"2 20","662 683",18,"55.56%","83.33%",NA,NA,NA,NA,NA,NA,NA,NA,NA,NA,NA,NA,NA,NA,NA,NA,NA,NA,NA,"N"
"40","Cluster_3037","evm.TU.chromosome_11.552",-0.505574237108313,0.0272265959370819,166,-22.48,"2 17","896 915",15,"93.33%","93.33%",NA,NA,NA,NA,NA,NA,NA,NA,NA,NA,NA,NA,NA,NA,NA,NA,NA,NA,NA,"N"
"41","Cluster_1453","evm.TU.chromosome_3.162",0.59767834318302,0.00688148229616721,162,-24.35,"2 21","201 224",21,"76.19%","80.95%",NA,NA,NA,NA,NA,NA,NA,NA,NA,NA,NA,NA,NA,NA,NA,NA,NA,NA,NA,"N"
"42","Cluster_4044","evm.TU.chromosome_13.2468",0.561127454049971,0.0124328810117154,165,-21.49,"2 19","437 459",18,"77.78%","88.89%",NA,NA,NA,NA,NA,NA,NA,NA,NA,NA,NA,NA,NA,NA,NA,NA,NA,NA,NA,"N"
"43","Cluster_1473","evm.TU.chromosome_3.1674",0.750084204111995,0.000216817336968696,166,-20.14,"2 20","921 944",20,"80.00%","80.00%",NA,NA,NA,NA,NA,NA,NA,NA,NA,NA,NA,NA,NA,NA,NA,NA,NA,NA,NA,"N"
"44","Cluster_3331","evm.TU.chromosome_13.125",0.628113853084799,0.00397976609516504,153,-22.95,"2 18","339 360",16,"68.75%","81.25%",NA,NA,NA,NA,NA,NA,NA,NA,NA,NA,NA,NA,NA,NA,NA,NA,NA,NA,NA,"N"
"45","Cluster_4696","evm.TU.chromosome_7.2532",0.497346753782743,0.0302656072554629,163,-21.51,"2 21","298 323",23,"69.57%","78.26%",NA,NA,NA,NA,NA,NA,NA,NA,NA,NA,NA,NA,NA,NA,NA,NA,NA,NA,NA,"N"
"46","Cluster_3331","evm.TU.chromosome_6.2476",0.581086073968247,0.00907610738714692,165,-20.06,"2 18","450 471",16,"81.25%","87.50%",NA,NA,NA,NA,NA,NA,NA,NA,NA,NA,NA,NA,NA,NA,NA,NA,NA,NA,NA,"N"
"47","Cluster_3730","evm.TU.chromosome_14.3341",0.602139046570219,0.00637198084955386,169,-25.47,"2 21","795 816",20,"85.00%","85.00%",NA,NA,NA,NA,NA,NA,NA,NA,NA,NA,NA,NA,NA,NA,NA,NA,NA,NA,NA,"N"
"48","Cluster_1453","evm.TU.chromosome_8.1701",0.595295918256596,0.00716690374271934,163,-22.47,"2 20","208 229",18,"66.67%","88.89%",NA,NA,NA,NA,NA,NA,NA,NA,NA,NA,NA,NA,NA,NA,NA,NA,NA,NA,NA,"N"
"49","Cluster_2097","evm.TU.chromosome_3.1473",0.476059141277959,0.0393614849021774,166,-21.36,"2 17","112 132",15,"93.33%","93.33%",NA,NA,NA,NA,NA,NA,NA,NA,NA,NA,NA,NA,NA,NA,NA,NA,NA,NA,NA,"N"
"50","Cluster_8986","evm.TU.chromosome_14.1287",0.625083621232693,0.00421322440907136,159,-21.63,"2 21","3 21",19,"78.95%","84.21%",NA,NA,NA,NA,NA,NA,NA,NA,NA,NA,NA,NA,NA,NA,NA,NA,NA,NA,NA,"N"
"51","Cluster_1452","evm.TU.chromosome_13.1476",0.676403584668066,0.00147336906623612,154,-20.73,"2 21","706 726",19,"68.42%","78.95%",NA,NA,NA,NA,NA,NA,NA,NA,NA,NA,NA,NA,NA,NA,NA,NA,NA,NA,NA,"N"
"52","Cluster_1192","evm.TU.chromosome_14.6975",0.500619106162775,0.0290267437597147,168,-22.38,"2 18","549 571",17,"88.24%","88.24%",NA,NA,NA,NA,NA,NA,NA,NA,NA,NA,NA,NA,NA,NA,NA,NA,NA,NA,NA,"N"
"53","Cluster_1452","evm.TU.chromosome_1.1863",0.534910213573924,0.0182849855846792,146,-21.72,"2 20","718 735",18,"66.67%","77.78%",NA,NA,NA,NA,NA,NA,NA,NA,NA,NA,NA,NA,NA,NA,NA,NA,NA,NA,NA,"N"
"54","Cluster_3889","evm.TU.chromosome_11.1226",0.535443861581118,0.0181473020027938,157,-21.68,"2 20","865 888",21,"71.43%","80.95%",NA,NA,NA,NA,NA,NA,NA,NA,NA,NA,NA,NA,NA,NA,NA,NA,NA,NA,NA,"N"
"55","Cluster_860","evm.TU.chromosome_13.2548",0.546137748572507,0.0155575044606792,172,-20.14,"2 17","596 617",15,"93.33%","93.33%",NA,NA,NA,NA,NA,NA,NA,NA,NA,NA,NA,NA,NA,NA,NA,NA,NA,NA,NA,"N"
"56","Cluster_995","evm.TU.chromosome_11.159",0.552108953707262,0.0142453484290803,169,-23.11,"2 21","338 357",19,"84.21%","84.21%",NA,NA,NA,NA,NA,NA,NA,NA,NA,NA,NA,NA,NA,NA,NA,NA,NA,NA,NA,"N"
"57","Cluster_1452","evm.TU.chromosome_6.2330",-0.561330844902596,0.0123942535519844,163,-23.59,"2 21","130 152",20,"75.00%","80.00%",NA,NA,NA,NA,NA,NA,NA,NA,NA,NA,NA,NA,NA,NA,NA,NA,NA,NA,NA,"N"
"58","Cluster_4640","evm.TU.chromosome_7.2395",0.823000503472346,1.51023493399505e-05,162,-22.07,"2 20","1 23",20,"75.00%","80.00%",22,499,20,5,266,7,201,7,67,91,37,128,218,80,36,120,41,5,6,"Y"
"59","Cluster_3730","evm.TU.chromosome_10.165",0.54751424286457,0.0152467927361586,144,-20.93,"2 21","854 872",19,"68.42%","68.42%",NA,NA,NA,NA,NA,NA,NA,NA,NA,NA,NA,NA,NA,NA,NA,NA,NA,NA,NA,"N"
"60","Cluster_1452","evm.TU.chromosome_3.1530",0.508136792305168,0.0263305989226359,153,-21.23,"2 18","453 472",16,"81.25%","87.50%",NA,NA,NA,NA,NA,NA,NA,NA,NA,NA,NA,NA,NA,NA,NA,NA,NA,NA,NA,"N"
"61","Cluster_1452","evm.TU.chromosome_3.326",0.580882389576695,0.00910619748770556,153,-20.14,"2 21","204 225",20,"70.00%","80.00%",NA,NA,NA,NA,NA,NA,NA,NA,NA,NA,NA,NA,NA,NA,NA,NA,NA,NA,NA,"N"
"62","Cluster_1452","evm.TU.chromosome_13.844",0.602624029150339,0.00631849340598012,149,-22.75,"2 21","854 879",23,"69.57%","73.91%",NA,NA,NA,NA,NA,NA,NA,NA,NA,NA,NA,NA,NA,NA,NA,NA,NA,NA,NA,"N"
"63","Cluster_3037","evm.TU.chromosome_2.589",0.714993842368065,0.000580383720644448,147,-20.14,"2 20","612 629",18,"66.67%","77.78%",NA,NA,NA,NA,NA,NA,NA,NA,NA,NA,NA,NA,NA,NA,NA,NA,NA,NA,NA,"N"
"64","Cluster_1453","evm.TU.chromosome_2.625",0.541134323477753,0.0167297369676191,156,-21.69,"2 20","970 991",19,"73.68%","84.21%",NA,NA,NA,NA,NA,NA,NA,NA,NA,NA,NA,NA,NA,NA,NA,NA,NA,NA,NA,"N"
"65","Cluster_2003","evm.TU.chromosome_12.4138",-0.550950815491146,0.0144926613180888,156,-20.66,"2 19","481 501",17,"76.47%","82.35%",NA,NA,NA,NA,NA,NA,NA,NA,NA,NA,NA,NA,NA,NA,NA,NA,NA,NA,NA,"N"
"66","Cluster_3337","evm.TU.chromosome_10.1394",-0.550511445551556,0.0145873795184378,161,-25.44,"2 19","732 757",21,"71.43%","80.95%",NA,NA,NA,NA,NA,NA,NA,NA,NA,NA,NA,NA,NA,NA,NA,NA,NA,NA,NA,"N"
"67","Cluster_3338","evm.TU.chromosome_10.1394",-0.563262043214338,0.0120322672045323,161,-25.44,"2 19","732 757",21,"71.43%","80.95%",NA,NA,NA,NA,NA,NA,NA,NA,NA,NA,NA,NA,NA,NA,NA,NA,NA,NA,NA,"N"
"68","Cluster_492","evm.TU.chromosome_10.117",-0.475442167307369,0.0396533487708576,161,-20.29,"2 18","712 733",16,"75.00%","87.50%",NA,NA,NA,NA,NA,NA,NA,NA,NA,NA,NA,NA,NA,NA,NA,NA,NA,NA,NA,"N"
"69","Cluster_2073","evm.TU.chromosome_12.643",0.685998922054686,0.00118374007305403,173,-21.19,"2 20","471 491",18,"83.33%","94.44%",NA,NA,NA,NA,NA,NA,NA,NA,NA,NA,NA,NA,NA,NA,NA,NA,NA,NA,NA,"N"
"70","Cluster_1452","evm.TU.chromosome_10.1456",0.497538803767939,0.0301917804664088,161,-23.9,"2 14","321 342",12,"91.67%","100.00%",NA,NA,NA,NA,NA,NA,NA,NA,NA,NA,NA,NA,NA,NA,NA,NA,NA,NA,NA,"N"
"71","Cluster_1452","evm.TU.chromosome_8.2274",0.518061855274724,0.0230763132722757,161,-24.13,"2 21","911 933",21,"76.19%","80.95%",NA,NA,NA,NA,NA,NA,NA,NA,NA,NA,NA,NA,NA,NA,NA,NA,NA,NA,NA,"N"
"72","Cluster_4425","evm.TU.chromosome_7.81",-0.464602877795429,0.0450578147023131,145,-20.61,"2 20","540 557",18,"72.22%","77.78%",NA,NA,NA,NA,NA,NA,NA,NA,NA,NA,NA,NA,NA,NA,NA,NA,NA,NA,NA,"N"
"73","Cluster_4640","evm.TU.chromosome_10.1295",0.468930553077332,0.0428363447927034,162,-21.33,"2 20","818 841",20,"70.00%","85.00%",NA,NA,NA,NA,NA,NA,NA,NA,NA,NA,NA,NA,NA,NA,NA,NA,NA,NA,NA,"N"
"74","Cluster_2097","evm.TU.chromosome_5.2367",-0.48615014580542,0.0348188044249968,170,-22.54,"2 20","879 902",20,"80.00%","85.00%",NA,NA,NA,NA,NA,NA,NA,NA,NA,NA,NA,NA,NA,NA,NA,NA,NA,NA,NA,"N"
"75","Cluster_3331","evm.TU.chromosome_5.1491",0.489667449902608,0.0333348105282564,155,-21.35,"2 21","912 935",21,"71.43%","71.43%",NA,NA,NA,NA,NA,NA,NA,NA,NA,NA,NA,NA,NA,NA,NA,NA,NA,NA,NA,"N"
"76","Cluster_4754","evm.TU.chromosome_6.2698",0.482574044760443,0.0363795783619539,161,-20.02,"2 21","726 747",20,"80.00%","80.00%",NA,NA,NA,NA,NA,NA,NA,NA,NA,NA,NA,NA,NA,NA,NA,NA,NA,NA,NA,"N"
"77","Cluster_3331","evm.TU.chromosome_14.1806",0.554079964103187,0.0138322251387437,162,-23.42,"2 20","325 349",21,"71.43%","80.95%",NA,NA,NA,NA,NA,NA,NA,NA,NA,NA,NA,NA,NA,NA,NA,NA,NA,NA,NA,"N"
"78","Cluster_1452","evm.TU.chromosome_9.192",0.535800309073678,0.0180557966343811,151,-21.92,"2 20","20 40",19,"73.68%","78.95%",NA,NA,NA,NA,NA,NA,NA,NA,NA,NA,NA,NA,NA,NA,NA,NA,NA,NA,NA,"N"
"79","Cluster_4831","evm.TU.chromosome_14.5007",-0.457967492697803,0.0486337532964821,162,-22.05,"2 19","65 84",17,"88.24%","88.24%",NA,NA,NA,NA,NA,NA,NA,NA,NA,NA,NA,NA,NA,NA,NA,NA,NA,NA,NA,"N"
"80","Cluster_1452","evm.TU.chromosome_6.1985",0.483807952049348,0.0358350515602736,155,-20.54,"2 18","889 909",16,"75.00%","87.50%",NA,NA,NA,NA,NA,NA,NA,NA,NA,NA,NA,NA,NA,NA,NA,NA,NA,NA,NA,"N"
"81","Cluster_3406","evm.TU.chromosome_12.141",0.691537501234788,0.00103944389074931,168,-21.29,"2 21","497 518",19,"78.95%","78.95%",NA,NA,NA,NA,NA,NA,NA,NA,NA,NA,NA,NA,NA,NA,NA,NA,NA,NA,NA,"N"
"82","Cluster_3331","evm.TU.chromosome_5.1754",0.55914218681515,0.0128150197292002,149,-22.7,"2 19","748 773",21,"61.90%","76.19%",265,1651,196,0,383,397,826,81,215,150,211,948,274,199,83,211,143,11,3,"Y"
"83","Cluster_2097","evm.TU.chromosome_5.513",0.487277975514022,0.0343374914896553,179,-28.1,"2 21","167 190",21,"80.95%","90.48%",4179,18635,1237,305,5845,4975,7908,428,4283,3496,4329,13534,5313,3802,1140,3997,3013,377,926,"Y"
"84","Cluster_1452","evm.TU.chromosome_12.3021",-0.460147771698886,0.0474357074136358,156,-22.14,"2 21","958 977",19,"73.68%","84.21%",NA,NA,NA,NA,NA,NA,NA,NA,NA,NA,NA,NA,NA,NA,NA,NA,NA,NA,NA,"N"
"85","Cluster_4425","evm.TU.chromosome_10.1553",0.465049127979962,0.0448247546024015,158,-22.98,"2 17","25 45",15,"80.00%","93.33%",NA,NA,NA,NA,NA,NA,NA,NA,NA,NA,NA,NA,NA,NA,NA,NA,NA,NA,NA,"N"
"86","Cluster_3889","evm.TU.chromosome_7.1905",0.474118061981608,0.0402853515696944,164,-21.58,"2 19","88 107",17,"82.35%","88.24%",NA,NA,NA,NA,NA,NA,NA,NA,NA,NA,NA,NA,NA,NA,NA,NA,NA,NA,NA,"N"
"87","Cluster_995","evm.TU.chromosome_4.557",-0.465230199285371,0.0447304513201675,163,-20.75,"2 21","758 781",21,"76.19%","76.19%",NA,NA,NA,NA,NA,NA,NA,NA,NA,NA,NA,NA,NA,NA,NA,NA,NA,NA,NA,"N"
"88","Cluster_3406","evm.TU.chromosome_12.2850",-0.488596173462586,0.0337814934374549,159,-22.98,"2 17","923 945",16,"81.25%","87.50%",NA,NA,NA,NA,NA,NA,NA,NA,NA,NA,NA,NA,NA,NA,NA,NA,NA,NA,NA,"N"
"89","Cluster_3423","evm.TU.chromosome_5.1331",-0.558881405094303,0.0128659096282938,169,-21.27,"2 21","59 78",19,"78.95%","89.47%",NA,NA,NA,NA,NA,NA,NA,NA,NA,NA,NA,NA,NA,NA,NA,NA,NA,NA,NA,"N"
"90","Cluster_4831","evm.TU.chromosome_9.1061",0.577012920556695,0.00969334267439498,158,-23.13,"2 16","796 819",16,"81.25%","87.50%",NA,NA,NA,NA,NA,NA,NA,NA,NA,NA,NA,NA,NA,NA,NA,NA,NA,NA,NA,"N"
"91","Cluster_1411","evm.TU.chromosome_11.65",0.533369923356989,0.0186870453590642,171,-21.24,"2 21","392 414",20,"75.00%","90.00%",NA,NA,NA,NA,NA,NA,NA,NA,NA,NA,NA,NA,NA,NA,NA,NA,NA,NA,NA,"N"
"92","Cluster_3730","evm.TU.chromosome_7.1617",0.738879929875989,0.000301829761766231,152,-20.55,"2 18","814 836",17,"76.47%","76.47%",NA,NA,NA,NA,NA,NA,NA,NA,NA,NA,NA,NA,NA,NA,NA,NA,NA,NA,NA,"N"
"93","Cluster_4754","evm.TU.chromosome_2.921",-0.517800124491715,0.0231578485802909,156,-23.44,"2 18","396 420",19,"73.68%","78.95%",NA,NA,NA,NA,NA,NA,NA,NA,NA,NA,NA,NA,NA,NA,NA,NA,NA,NA,NA,"N"
"94","Cluster_3331","evm.TU.chromosome_14.6860",0.560525590803803,0.012547752063383,159,-22.64,"2 21","755 777",20,"75.00%","75.00%",NA,NA,NA,NA,NA,NA,NA,NA,NA,NA,NA,NA,NA,NA,NA,NA,NA,NA,NA,"N"
"95","Cluster_3337","evm.TU.chromosome_14.6860",-0.537045777734032,0.0177389407951228,159,-22.64,"2 21","755 777",20,"75.00%","75.00%",NA,NA,NA,NA,NA,NA,NA,NA,NA,NA,NA,NA,NA,NA,NA,NA,NA,NA,NA,"N"
"96","Cluster_3338","evm.TU.chromosome_14.6860",-0.541320854766946,0.0166848093113428,159,-22.64,"2 21","755 777",20,"75.00%","75.00%",NA,NA,NA,NA,NA,NA,NA,NA,NA,NA,NA,NA,NA,NA,NA,NA,NA,NA,NA,"N"
"97","Cluster_137","evm.TU.chromosome_8.168",-0.457080700083887,0.0491275812820312,160,-20.37,"2 21","734 755",19,"73.68%","73.68%",NA,NA,NA,NA,NA,NA,NA,NA,NA,NA,NA,NA,NA,NA,NA,NA,NA,NA,NA,"N"
"98","Cluster_3406","evm.TU.chromosome_6.1340",-0.575153020691578,0.00998624868720401,144,-20.89,"2 20","838 868",27,"66.67%","66.67%",NA,NA,NA,NA,NA,NA,NA,NA,NA,NA,NA,NA,NA,NA,NA,NA,NA,NA,NA,"N"
"99","Cluster_1453","evm.TU.chromosome_8.1058",0.478728067601805,0.0381179522062005,149,-20.79,"2 21","945 971",24,"62.50%","79.17%",NA,NA,NA,NA,NA,NA,NA,NA,NA,NA,NA,NA,NA,NA,NA,NA,NA,NA,NA,"N"
"100","Cluster_4425","evm.TU.chromosome_14.5639",-0.482082496083916,0.0365982737317968,150,-20.02,"2 18","170 189",16,"75.00%","81.25%",NA,NA,NA,NA,NA,NA,NA,NA,NA,NA,NA,NA,NA,NA,NA,NA,NA,NA,NA,"N"
"101","Cluster_4831","evm.TU.chromosome_7.1202",0.478097840872208,0.0384088215121422,156,-21.87,"2 13","561 582",11,"90.91%","100.00%",NA,NA,NA,NA,NA,NA,NA,NA,NA,NA,NA,NA,NA,NA,NA,NA,NA,NA,NA,"N"
"102","Cluster_492","evm.TU.chromosome_13.3759",0.476481836310612,0.0391624834660485,147,-20.56,"2 20","785 809",22,"68.18%","77.27%",NA,NA,NA,NA,NA,NA,NA,NA,NA,NA,NA,NA,NA,NA,NA,NA,NA,NA,NA,"N"
"103","Cluster_3044","evm.TU.chromosome_8.660",0.462194882341564,0.0463314629087785,176,-21.46,"2 17","776 797",15,"93.33%","100.00%",NA,NA,NA,NA,NA,NA,NA,NA,NA,NA,NA,NA,NA,NA,NA,NA,NA,NA,NA,"N"
"104","Cluster_998","evm.TU.chromosome_14.5879",0.493626249035932,0.0317237972497844,157,-20.76,"2 20","609 633",22,"72.73%","77.27%",NA,NA,NA,NA,NA,NA,NA,NA,NA,NA,NA,NA,NA,NA,NA,NA,NA,NA,NA,"N"
"105","Cluster_1772","evm.TU.chromosome_14.5879",0.644422936404917,0.00289851067327051,168,-21.7,"2 21","326 345",19,"84.21%","89.47%",NA,NA,NA,NA,NA,NA,NA,NA,NA,NA,NA,NA,NA,NA,NA,NA,NA,NA,NA,"N"
"106","Cluster_4754","evm.TU.chromosome_12.1905",-0.491245643456461,0.0326851318183669,168,-20.99,"2 21","471 492",19,"78.95%","78.95%",NA,NA,NA,NA,NA,NA,NA,NA,NA,NA,NA,NA,NA,NA,NA,NA,NA,NA,NA,"N"
"107","Cluster_9205","evm.TU.chromosome_9.200",0.597245590454967,0.0069326272354581,164,-20.18,"2 17","954 975",15,"80.00%","93.33%",NA,NA,NA,NA,NA,NA,NA,NA,NA,NA,NA,NA,NA,NA,NA,NA,NA,NA,NA,"N"
"108","Cluster_1452","evm.TU.chromosome_7.2297",-0.530196037470405,0.0195376383773107,166,-21.57,"2 21","372 395",21,"80.95%","80.95%",NA,NA,NA,NA,NA,NA,NA,NA,NA,NA,NA,NA,NA,NA,NA,NA,NA,NA,NA,"N"
"109","Cluster_492","evm.TU.chromosome_12.182",-0.495954171716261,0.0308051551660479,175,-21.97,"2 20","95 116",18,"83.33%","88.89%",NA,NA,NA,NA,NA,NA,NA,NA,NA,NA,NA,NA,NA,NA,NA,NA,NA,NA,NA,"N"
"110","Cluster_449","evm.TU.chromosome_2.1101",0.499280008573544,0.0295288254960297,150,-20.68,"2 11","312 333",9,"100.00%","100.00%",NA,NA,NA,NA,NA,NA,NA,NA,NA,NA,NA,NA,NA,NA,NA,NA,NA,NA,NA,"N"
"111","Cluster_9205","evm.TU.chromosome_5.2167",0.473512535142329,0.0405769430554662,151,-20.26,"2 18","469 495",21,"71.43%","76.19%",NA,NA,NA,NA,NA,NA,NA,NA,NA,NA,NA,NA,NA,NA,NA,NA,NA,NA,NA,"N"
"112","Cluster_8986","evm.TU.chromosome_12.3587",0.653876430696345,0.00239199445244772,164,-22.26,"2 19","224 244",17,"82.35%","88.24%",1898,5963,1064,56,1466,2613,3499,525,1907,2459,1746,3170,1637,2317,471,1897,1477,173,160,"Y"
"113","Cluster_4640","evm.TU.chromosome_5.2331",0.682972518239952,0.00126942510432847,165,-21.2,"2 20","167 187",18,"77.78%","88.89%",NA,NA,NA,NA,NA,NA,NA,NA,NA,NA,NA,NA,NA,NA,NA,NA,NA,NA,NA,"N"
"114","Cluster_4044","evm.TU.chromosome_4.464",0.466968408932494,0.0438328872606613,153,-23.06,"2 19","757 781",20,"65.00%","80.00%",NA,NA,NA,NA,NA,NA,NA,NA,NA,NA,NA,NA,NA,NA,NA,NA,NA,NA,NA,"N"
"115","Cluster_4044","evm.TU.chromosome_7.267",0.49081442693475,0.0328616608773899,175,-21.41,"2 21","709 731",20,"85.00%","85.00%",NA,NA,NA,NA,NA,NA,NA,NA,NA,NA,NA,NA,NA,NA,NA,NA,NA,NA,NA,"N"
"116","Cluster_1772","evm.TU.chromosome_14.5312",0.477945047847621,0.0384795974335558,151,-20.55,"2 21","544 569",23,"65.22%","69.57%",54,251,68,0,91,104,387,19,48,80,130,139,210,35,31,14,104,0,0,"Y"
"117","Cluster_8986","evm.TU.chromosome_4.775",0.518835995071246,0.0228364737065727,169,-22.39,"2 19","308 330",18,"83.33%","88.89%",NA,NA,NA,NA,NA,NA,NA,NA,NA,NA,NA,NA,NA,NA,NA,NA,NA,NA,NA,"N"
"118","Cluster_1453","evm.TU.chromosome_4.770",0.569587057899894,0.010905766497781,158,-21.15,"2 21","266 289",21,"76.19%","76.19%",NA,NA,NA,NA,NA,NA,NA,NA,NA,NA,NA,NA,NA,NA,NA,NA,NA,NA,NA,"N"
"119","Cluster_4425","evm.TU.chromosome_12.3271",-0.562595263722983,0.0121562755171826,150,-24.9,"2 21","809 826",19,"73.68%","78.95%",NA,NA,NA,NA,NA,NA,NA,NA,NA,NA,NA,NA,NA,NA,NA,NA,NA,NA,NA,"N"
"120","Cluster_1453","evm.TU.chromosome_6.2145",0.567993023140468,0.0111813077719652,150,-20.06,"2 20","342 367",22,"59.09%","77.27%",NA,NA,NA,NA,NA,NA,NA,NA,NA,NA,NA,NA,NA,NA,NA,NA,NA,NA,NA,"N"
"121","Cluster_1453","evm.TU.chromosome_4.983",0.508318107796863,0.0262680888660178,170,-27.67,"2 20","279 301",19,"78.95%","89.47%",NA,NA,NA,NA,NA,NA,NA,NA,NA,NA,NA,NA,NA,NA,NA,NA,NA,NA,NA,"N"
"122","Cluster_1452","evm.TU.chromosome_10.885",-0.485135813382806,0.0352561315015381,162,-20.03,"2 19","264 285",17,"70.59%","88.24%",NA,NA,NA,NA,NA,NA,NA,NA,NA,NA,NA,NA,NA,NA,NA,NA,NA,NA,NA,"N"
"123","Cluster_1473","evm.TU.chromosome_12.1665",0.471809941942019,0.0414055323328854,171,-21.88,"2 20","703 724",18,"72.22%","94.44%",NA,NA,NA,NA,NA,NA,NA,NA,NA,NA,NA,NA,NA,NA,NA,NA,NA,NA,NA,"N"
"124","Cluster_2151","evm.TU.chromosome_14.116",-0.493755779085439,0.0316721288412951,167,-20.44,"2 21","457 479",20,"75.00%","85.00%",NA,NA,NA,NA,NA,NA,NA,NA,NA,NA,NA,NA,NA,NA,NA,NA,NA,NA,NA,"N"
"125","Cluster_995","evm.TU.chromosome_5.1811",0.464726702897799,0.0449930526518925,151,-20.31,"2 14","119 139",12,"91.67%","91.67%",NA,NA,NA,NA,NA,NA,NA,NA,NA,NA,NA,NA,NA,NA,NA,NA,NA,NA,NA,"N"
"126","Cluster_137","evm.TU.chromosome_2.902",0.496762994512161,0.0304908771329378,150,-21.82,"2 11","883 904",9,"100.00%","100.00%",NA,NA,NA,NA,NA,NA,NA,NA,NA,NA,NA,NA,NA,NA,NA,NA,NA,NA,NA,"N"
"127","Cluster_4640","evm.TU.chromosome_11.39",0.512345617232997,0.0249093183973835,179,-24.17,"2 20","3 24",18,"83.33%","94.44%",NA,NA,NA,NA,NA,NA,NA,NA,NA,NA,NA,NA,NA,NA,NA,NA,NA,NA,NA,"N"
"128","Cluster_4640","evm.TU.chromosome_3.2023",0.627493307311128,0.00402668663984152,152,-20.57,"2 20","515 537",20,"70.00%","80.00%",NA,NA,NA,NA,NA,NA,NA,NA,NA,NA,NA,NA,NA,NA,NA,NA,NA,NA,NA,"N"
"129","Cluster_1452","evm.TU.chromosome_14.4727",0.610364307796315,0.00551323665050464,144,-20.08,"2 19","611 637",22,"68.18%","68.18%",NA,NA,NA,NA,NA,NA,NA,NA,NA,NA,NA,NA,NA,NA,NA,NA,NA,NA,NA,"N"
"130","Cluster_4806","evm.TU.chromosome_6.2413",0.714341447317634,0.000590309793033889,166,-22.21,"2 19","243 264",17,"76.47%","88.24%",NA,NA,NA,NA,NA,NA,NA,NA,NA,NA,NA,NA,NA,NA,NA,NA,NA,NA,NA,"N"
"131","Cluster_3423","evm.TU.chromosome_5.1473",0.556306829271334,0.0133770778340562,165,-20.66,"2 21","423 445",21,"80.95%","80.95%",NA,NA,NA,NA,NA,NA,NA,NA,NA,NA,NA,NA,NA,NA,NA,NA,NA,NA,NA,"N"
"132","Cluster_3331","evm.TU.chromosome_6.239",0.615099103788414,0.00506350374098039,164,-22.3,"2 19","18 38",17,"82.35%","88.24%",NA,NA,NA,NA,NA,NA,NA,NA,NA,NA,NA,NA,NA,NA,NA,NA,NA,NA,NA,"N"
"133","Cluster_3337","evm.TU.chromosome_6.239",-0.550853394342365,0.0145136205473145,164,-22.3,"2 19","18 38",17,"82.35%","88.24%",NA,NA,NA,NA,NA,NA,NA,NA,NA,NA,NA,NA,NA,NA,NA,NA,NA,NA,NA,"N"
"134","Cluster_3338","evm.TU.chromosome_6.239",-0.564519482681343,0.0118011754085138,164,-22.3,"2 19","18 38",17,"82.35%","88.24%",NA,NA,NA,NA,NA,NA,NA,NA,NA,NA,NA,NA,NA,NA,NA,NA,NA,NA,NA,"N"
"135","Cluster_1452","evm.TU.chromosome_11.769",-0.46656774841229,0.0440385426653985,155,-20.48,"2 21","526 548",20,"70.00%","75.00%",NA,NA,NA,NA,NA,NA,NA,NA,NA,NA,NA,NA,NA,NA,NA,NA,NA,NA,NA,"N"
"136","Cluster_4640","evm.TU.chromosome_14.5649",0.462540183113463,0.0461471548436735,149,-23.49,"2 20","2 29",24,"66.67%","70.83%",NA,NA,NA,NA,NA,NA,NA,NA,NA,NA,NA,NA,NA,NA,NA,NA,NA,NA,NA,"N"
"137","Cluster_492","evm.TU.chromosome_10.14",0.609945727156631,0.00555451843314705,150,-20.31,"2 21","917 943",24,"62.50%","75.00%",NA,NA,NA,NA,NA,NA,NA,NA,NA,NA,NA,NA,NA,NA,NA,NA,NA,NA,NA,"N"
"138","Cluster_3730","evm.TU.chromosome_3.1813",0.64770397645391,0.00271353075854669,168,-20.98,"2 20","46 67",19,"84.21%","89.47%",NA,NA,NA,NA,NA,NA,NA,NA,NA,NA,NA,NA,NA,NA,NA,NA,NA,NA,NA,"N"
"139","Cluster_8986","evm.TU.chromosome_14.12",0.542838486031293,0.0163228354597282,166,-22.32,"2 21","768 788",19,"78.95%","84.21%",NA,NA,NA,NA,NA,NA,NA,NA,NA,NA,NA,NA,NA,NA,NA,NA,NA,NA,NA,"N"
"140","Cluster_1453","evm.TU.chromosome_7.2719",0.549183439046948,0.0148766805190419,168,-22.55,"2 21","89 110",19,"73.68%","84.21%",NA,NA,NA,NA,NA,NA,NA,NA,NA,NA,NA,NA,NA,NA,NA,NA,NA,NA,NA,"N"
"141","Cluster_3889","evm.TU.chromosome_10.1983",0.709334577534134,0.00067136172349184,157,-21.44,"2 20","770 789",18,"72.22%","83.33%",NA,NA,NA,NA,NA,NA,NA,NA,NA,NA,NA,NA,NA,NA,NA,NA,NA,NA,NA,"N"
"142","Cluster_2972","evm.TU.chromosome_4.212",-0.58419993826283,0.00862603355480399,153,-22.03,"2 18","759 780",16,"75.00%","75.00%",NA,NA,NA,NA,NA,NA,NA,NA,NA,NA,NA,NA,NA,NA,NA,NA,NA,NA,NA,"N"
"143","Cluster_2003","evm.TU.chromosome_13.4054",-0.475733933706439,0.0395151196068539,153,-26.64,"2 21","175 194",19,"68.42%","78.95%",NA,NA,NA,NA,NA,NA,NA,NA,NA,NA,NA,NA,NA,NA,NA,NA,NA,NA,NA,"N"
"144","Cluster_1473","evm.TU.chromosome_13.4057",0.560575090236619,0.0125382726034101,153,-21.01,"2 20","626 651",22,"72.73%","72.73%",NA,NA,NA,NA,NA,NA,NA,NA,NA,NA,NA,NA,NA,NA,NA,NA,NA,NA,NA,"N"
"145","Cluster_860","evm.TU.chromosome_9.524",0.468086093522515,0.0432630791599211,168,-23.17,"2 21","27 48",19,"73.68%","84.21%",NA,NA,NA,NA,NA,NA,NA,NA,NA,NA,NA,NA,NA,NA,NA,NA,NA,NA,NA,"N"
"146","Cluster_1452","evm.TU.chromosome_5.1947",0.460992556699413,0.0469776090625047,163,-23.07,"2 20","922 943",18,"77.78%","77.78%",NA,NA,NA,NA,NA,NA,NA,NA,NA,NA,NA,NA,NA,NA,NA,NA,NA,NA,NA,"N"
"147","Cluster_4831","evm.TU.chromosome_14.5961",0.625629900963097,0.00417032541759825,153,-20.76,"2 21","410 431",20,"75.00%","75.00%",NA,NA,NA,NA,NA,NA,NA,NA,NA,NA,NA,NA,NA,NA,NA,NA,NA,NA,NA,"N"
"148","Cluster_1567","evm.TU.chromosome_14.6737",0.503403700335984,0.0280040452168755,178,-20.54,"2 21","490 510",19,"89.47%","89.47%",NA,NA,NA,NA,NA,NA,NA,NA,NA,NA,NA,NA,NA,NA,NA,NA,NA,NA,NA,"N"
"149","Cluster_1452","evm.TU.chromosome_1.1781",0.484503716729252,0.0355308022547352,161,-22.21,"2 20","450 470",18,"72.22%","88.89%",64,142,43,5,27,2718,173,215,107,100,66,122,113,86,41,74,61,0,0,"Y"
"150","Cluster_1483","evm.TU.chromosome_13.1642",0.500110950928808,0.0292164804995524,166,-20.01,"2 19","976 997",17,"82.35%","82.35%",NA,NA,NA,NA,NA,NA,NA,NA,NA,NA,NA,NA,NA,NA,NA,NA,NA,NA,NA,"N"
"151","Cluster_4640","evm.TU.chromosome_8.2434",0.754803585663589,0.00018765836100906,180,-28.57,"2 21","476 497",19,"78.95%","94.74%",NA,NA,NA,NA,NA,NA,NA,NA,NA,NA,NA,NA,NA,NA,NA,NA,NA,NA,NA,"N"
"152","Cluster_1452","evm.TU.chromosome_12.2150",0.65837531034707,0.00217811583544416,155,-21.57,"2 20","943 964",18,"61.11%","83.33%",NA,NA,NA,NA,NA,NA,NA,NA,NA,NA,NA,NA,NA,NA,NA,NA,NA,NA,NA,"N"
"153","Cluster_1452","evm.TU.chromosome_3.581",0.676939606035988,0.00145576333600846,162,-22.5,"2 20","730 753",20,"70.00%","85.00%",NA,NA,NA,NA,NA,NA,NA,NA,NA,NA,NA,NA,NA,NA,NA,NA,NA,NA,NA,"N"
"154","Cluster_2151","evm.TU.chromosome_4.1342",0.564427410941486,0.011817974242328,178,-22.43,"2 20","950 972",19,"84.21%","94.74%",NA,NA,NA,NA,NA,NA,NA,NA,NA,NA,NA,NA,NA,NA,NA,NA,NA,NA,NA,"N"
"155","Cluster_4640","evm.TU.chromosome_11.1232",0.612000008060982,0.00535431821575771,169,-20.04,"2 18","802 823",16,"81.25%","93.75%",NA,NA,NA,NA,NA,NA,NA,NA,NA,NA,NA,NA,NA,NA,NA,NA,NA,NA,NA,"N"
"156","Cluster_1663","evm.TU.chromosome_2.13",-0.465514568770136,0.044582656231303,174,-25.06,"2 21","88 108",19,"84.21%","89.47%",NA,NA,NA,NA,NA,NA,NA,NA,NA,NA,NA,NA,NA,NA,NA,NA,NA,NA,NA,"N"
"157","Cluster_3044","evm.TU.chromosome_11.2953",0.507882684795119,0.0264184008368641,164,-20.31,"2 21","194 215",19,"68.42%","84.21%",NA,NA,NA,NA,NA,NA,NA,NA,NA,NA,NA,NA,NA,NA,NA,NA,NA,NA,NA,"N"
"158","Cluster_2003","evm.TU.chromosome_5.2755",-0.468364772759588,0.0431218941849542,154,-20.17,"2 20","448 471",20,"65.00%","80.00%",NA,NA,NA,NA,NA,NA,NA,NA,NA,NA,NA,NA,NA,NA,NA,NA,NA,NA,NA,"N"
"159","Cluster_4640","evm.TU.chromosome_1.1339",-0.477230142715268,0.0388120891355518,162,-20.36,"2 21","816 840",22,"72.73%","81.82%",NA,NA,NA,NA,NA,NA,NA,NA,NA,NA,NA,NA,NA,NA,NA,NA,NA,NA,NA,"N"
"160","Cluster_1663","evm.TU.chromosome_1.1335",0.496326997802587,0.0306599769927463,165,-21.98,"2 21","908 929",20,"80.00%","85.00%",NA,NA,NA,NA,NA,NA,NA,NA,NA,NA,NA,NA,NA,NA,NA,NA,NA,NA,NA,"N"
"161","Cluster_1473","evm.TU.chromosome_12.2799",0.579054019664104,0.00937993358366621,152,-20.38,"2 19","134 160",22,"72.73%","72.73%",NA,NA,NA,NA,NA,NA,NA,NA,NA,NA,NA,NA,NA,NA,NA,NA,NA,NA,NA,"N"
"162","Cluster_1473","evm.TU.chromosome_9.2700",-0.578626397289916,0.00944490621300461,166,-20.27,"2 20","333 355",19,"78.95%","84.21%",NA,NA,NA,NA,NA,NA,NA,NA,NA,NA,NA,NA,NA,NA,NA,NA,NA,NA,NA,"N"
"163","Cluster_3889","evm.TU.chromosome_5.1314",0.76873347493173,0.000120211023562478,162,-20.65,"2 20","448 469",19,"78.95%","78.95%",NA,NA,NA,NA,NA,NA,NA,NA,NA,NA,NA,NA,NA,NA,NA,NA,NA,NA,NA,"N"
"164","Cluster_3337","evm.TU.chromosome_4.1848",-0.66317438862482,0.00196772294766058,171,-23.77,"2 20","864 885",18,"83.33%","83.33%",NA,NA,NA,NA,NA,NA,NA,NA,NA,NA,NA,NA,NA,NA,NA,NA,NA,NA,NA,"N"
"165","Cluster_3338","evm.TU.chromosome_4.1848",-0.657181048766397,0.00223327820609253,171,-23.77,"2 20","864 885",18,"83.33%","83.33%",NA,NA,NA,NA,NA,NA,NA,NA,NA,NA,NA,NA,NA,NA,NA,NA,NA,NA,NA,"N"
"166","Cluster_1452","evm.TU.chromosome_12.4122",0.512881647925176,0.0247327219527133,153,-20.21,"2 21","870 895",23,"69.57%","78.26%",NA,NA,NA,NA,NA,NA,NA,NA,NA,NA,NA,NA,NA,NA,NA,NA,NA,NA,NA,"N"
"167","Cluster_2003","evm.TU.chromosome_6.1367",-0.634886838951802,0.00349626057056053,145,-22.03,"2 10","220 241",8,"100.00%","100.00%",NA,NA,NA,NA,NA,NA,NA,NA,NA,NA,NA,NA,NA,NA,NA,NA,NA,NA,NA,"N"
"168","Cluster_1453","evm.TU.chromosome_7.2720",0.606192520263259,0.00593609408096277,168,-22.55,"2 21","38 59",19,"73.68%","84.21%",NA,NA,NA,NA,NA,NA,NA,NA,NA,NA,NA,NA,NA,NA,NA,NA,NA,NA,NA,"N"
"169","Cluster_1452","evm.TU.chromosome_3.298",-0.505162328186652,0.027372819829122,159,-20.06,"2 21","607 629",20,"65.00%","85.00%",NA,NA,NA,NA,NA,NA,NA,NA,NA,NA,NA,NA,NA,NA,NA,NA,NA,NA,NA,"N"
"170","Cluster_4640","evm.TU.chromosome_9.1621",0.510315927677179,0.025586999621154,163,-22.27,"2 18","570 590",16,"81.25%","93.75%",NA,NA,NA,NA,NA,NA,NA,NA,NA,NA,NA,NA,NA,NA,NA,NA,NA,NA,NA,"N"
"171","Cluster_1453","evm.TU.chromosome_6.2772",0.502212707368753,0.0284379543477106,158,-25.73,"2 20","963 989",23,"65.22%","78.26%",2874,2056,1402,75,350,2836,710,631,2732,3433,1298,1436,4045,3158,522,2482,1932,386,305,"Y"
"172","Cluster_1452","evm.TU.chromosome_14.5422",0.536510934413837,0.0178744625880936,147,-20.32,"2 19","567 591",20,"75.00%","75.00%",NA,NA,NA,NA,NA,NA,NA,NA,NA,NA,NA,NA,NA,NA,NA,NA,NA,NA,NA,"N"
"173","Cluster_1453","evm.TU.chromosome_10.2406",0.595027309193431,0.007199679306342,154,-20.37,"2 20","849 871",19,"68.42%","78.95%",NA,NA,NA,NA,NA,NA,NA,NA,NA,NA,NA,NA,NA,NA,NA,NA,NA,NA,NA,"N"
"174","Cluster_1453","evm.TU.chromosome_11.1627",0.541088458712354,0.0167407986324439,158,-21.1,"2 17","923 943",15,"86.67%","86.67%",119,58,9,3,9,82,9,16,223,83,48,25,86,73,13,123,99,0,16,"Y"
"175","Cluster_3423","evm.TU.chromosome_12.3113",-0.471396941983276,0.0416084699182353,172,-20.59,"2 19","727 747",17,"88.24%","94.12%",NA,NA,NA,NA,NA,NA,NA,NA,NA,NA,NA,NA,NA,NA,NA,NA,NA,NA,NA,"N"
"176","Cluster_2003","evm.TU.chromosome_4.266",0.725378352971891,0.000440330400833682,144,-22.1,"2 16","251 275",17,"76.47%","82.35%",172,121,123,30,32,138,128,6,173,292,102,108,153,243,27,189,197,31,20,"Y"
"177","Cluster_3406","evm.TU.chromosome_4.1191",0.661403572338207,0.00204329428058145,158,-20.6,"2 21","475 500",23,"73.91%","73.91%",NA,NA,NA,NA,NA,NA,NA,NA,NA,NA,NA,NA,NA,NA,NA,NA,NA,NA,NA,"N"
"178","Cluster_8986","evm.TU.chromosome_8.2400",0.692641071057166,0.00101253171298846,166,-25.2,"2 21","719 745",24,"75.00%","79.17%",NA,NA,NA,NA,NA,NA,NA,NA,NA,NA,NA,NA,NA,NA,NA,NA,NA,NA,NA,"N"
"179","Cluster_1452","evm.TU.chromosome_14.5999",0.623136503384485,0.00436909250108316,160,-23.2,"2 21","4 26",21,"76.19%","85.71%",NA,NA,NA,NA,NA,NA,NA,NA,NA,NA,NA,NA,NA,NA,NA,NA,NA,NA,NA,"N"
"180","Cluster_3889","evm.TU.chromosome_11.795",0.477606349931504,0.0386368457956708,154,-20.71,"2 20","83 105",20,"65.00%","80.00%",NA,NA,NA,NA,NA,NA,NA,NA,NA,NA,NA,NA,NA,NA,NA,NA,NA,NA,NA,"N"
"181","Cluster_8986","evm.TU.chromosome_12.3606",0.709155817355692,0.000674420424229247,173,-20.5,"2 18","979 1000",16,"87.50%","93.75%",NA,NA,NA,NA,NA,NA,NA,NA,NA,NA,NA,NA,NA,NA,NA,NA,NA,NA,NA,"N"
"182","Cluster_3293","evm.TU.chromosome_2.1661",0.481033075554556,0.0370685730398958,163,-27,"2 20","979 999",18,"77.78%","77.78%",NA,NA,NA,NA,NA,NA,NA,NA,NA,NA,NA,NA,NA,NA,NA,NA,NA,NA,NA,"N"
"183","Cluster_1453","evm.TU.chromosome_10.128",0.566620022098617,0.0114231117520329,170,-25.55,"2 21","723 743",19,"84.21%","84.21%",NA,NA,NA,NA,NA,NA,NA,NA,NA,NA,NA,NA,NA,NA,NA,NA,NA,NA,NA,"N"
"184","Cluster_492","evm.TU.chromosome_12.339",0.610937267679962,0.00545713678098095,172,-25,"2 21","86 107",19,"78.95%","84.21%",NA,NA,NA,NA,NA,NA,NA,NA,NA,NA,NA,NA,NA,NA,NA,NA,NA,NA,NA,"N"
"185","Cluster_4831","evm.TU.chromosome_10.1730",-0.526137307873362,0.0206697562429493,172,-21.52,"2 17","830 851",15,"93.33%","93.33%",NA,NA,NA,NA,NA,NA,NA,NA,NA,NA,NA,NA,NA,NA,NA,NA,NA,NA,NA,"N"
"186","Cluster_1452","evm.TU.chromosome_2.1585",0.519833777752234,0.0225302493588565,158,-21.29,"2 20","95 118",20,"70.00%","80.00%",NA,NA,NA,NA,NA,NA,NA,NA,NA,NA,NA,NA,NA,NA,NA,NA,NA,NA,NA,"N"
"187","Cluster_1453","evm.TU.chromosome_13.1171",0.529682835103769,0.0196780105381081,145,-20.46,"2 10","875 896",8,"100.00%","100.00%",NA,NA,NA,NA,NA,NA,NA,NA,NA,NA,NA,NA,NA,NA,NA,NA,NA,NA,NA,"N"
"188","Cluster_3406","evm.TU.chromosome_13.2572",0.563935024304654,0.0119081387937591,169,-24.74,"2 18","193 214",16,"81.25%","93.75%",NA,NA,NA,NA,NA,NA,NA,NA,NA,NA,NA,NA,NA,NA,NA,NA,NA,NA,NA,"N"
"189","Cluster_3037","evm.TU.chromosome_14.7218",0.50223141377458,0.0284310987517102,161,-22.2,"2 20","575 597",20,"75.00%","85.00%",NA,NA,NA,NA,NA,NA,NA,NA,NA,NA,NA,NA,NA,NA,NA,NA,NA,NA,NA,"N"
"190","Cluster_1452","evm.TU.chromosome_14.4747",0.474427964403325,0.0401367433024288,149,-20.45,"2 21","616 635",19,"68.42%","73.68%",NA,NA,NA,NA,NA,NA,NA,NA,NA,NA,NA,NA,NA,NA,NA,NA,NA,NA,NA,"N"
"191","Cluster_9000","evm.TU.chromosome_4.1247_evm.TU.chromosome_4.1249",-0.576237919259536,0.00981453777076347,171,-22.74,"2 20","864 885",18,"77.78%","88.89%",NA,NA,NA,NA,NA,NA,NA,NA,NA,NA,NA,NA,NA,NA,NA,NA,NA,NA,NA,"N"
"192","Cluster_4806","evm.TU.chromosome_10.1686",0.544929041788974,0.0158344904371422,156,-20.31,"2 13","599 620",11,"90.91%","100.00%",NA,NA,NA,NA,NA,NA,NA,NA,NA,NA,NA,NA,NA,NA,NA,NA,NA,NA,NA,"N"
"193","Cluster_3044","evm.TU.chromosome_12.425",0.551309806748196,0.014415636648495,158,-21.17,"2 21","928 951",21,"71.43%","80.95%",NA,NA,NA,NA,NA,NA,NA,NA,NA,NA,NA,NA,NA,NA,NA,NA,NA,NA,NA,"N"
"194","Cluster_1411","evm.TU.chromosome_12.914",0.572191580194882,0.0104673510392771,154,-20.33,"2 21","766 791",23,"69.57%","73.91%",NA,NA,NA,NA,NA,NA,NA,NA,NA,NA,NA,NA,NA,NA,NA,NA,NA,NA,NA,"N"
"195","Cluster_1772","evm.TU.chromosome_2.255",-0.462097768843915,0.0463833994996696,159,-21.58,"2 21","711 735",22,"68.18%","77.27%",NA,NA,NA,NA,NA,NA,NA,NA,NA,NA,NA,NA,NA,NA,NA,NA,NA,NA,NA,"N"
"196","Cluster_247","evm.TU.chromosome_4.2264",0.498023412408826,0.0300061140338938,162,-21.42,"2 15","461 482",13,"84.62%","100.00%",NA,NA,NA,NA,NA,NA,NA,NA,NA,NA,NA,NA,NA,NA,NA,NA,NA,NA,NA,"N"
"197","Cluster_1452","evm.TU.chromosome_2.194",0.676352975444032,0.00147504047952287,160,-22.02,"2 21","925 943",19,"78.95%","78.95%",NA,NA,NA,NA,NA,NA,NA,NA,NA,NA,NA,NA,NA,NA,NA,NA,NA,NA,NA,"N"
"198","Cluster_4640","evm.TU.chromosome_2.197",0.60301783042117,0.00627533213330789,156,-21.16,"2 19","916 940",20,"75.00%","80.00%",243,622,141,8,124,317,416,58,152,145,121,455,291,164,27,221,188,16,22,"Y"
"199","Cluster_1452","evm.TU.chromosome_3.1483",0.588201670966959,0.00807436708520329,151,-20.17,"2 17","7 29",16,"68.75%","87.50%",NA,NA,NA,NA,NA,NA,NA,NA,NA,NA,NA,NA,NA,NA,NA,NA,NA,NA,NA,"N"
"200","Cluster_2972","evm.TU.chromosome_9.2667",-0.531234816961963,0.0192559382329489,160,-21.63,"2 21","239 260",19,"73.68%","73.68%",NA,NA,NA,NA,NA,NA,NA,NA,NA,NA,NA,NA,NA,NA,NA,NA,NA,NA,NA,"N"
"201","Cluster_3406","evm.TU.chromosome_14.1849",-0.514818082111136,0.0241029425633182,152,-22.01,"2 17","114 133",15,"86.67%","86.67%",NA,NA,NA,NA,NA,NA,NA,NA,NA,NA,NA,NA,NA,NA,NA,NA,NA,NA,NA,"N"
"202","Cluster_4646","evm.TU.chromosome_2.1301",0.544518024079528,0.0159295699775088,150,-21.36,"2 21","865 891",24,"62.50%","75.00%",NA,NA,NA,NA,NA,NA,NA,NA,NA,NA,NA,NA,NA,NA,NA,NA,NA,NA,NA,"N"
"203","Cluster_4640","evm.TU.chromosome_10.526",0.554654114704061,0.0137137057032802,166,-21.25,"2 19","779 800",17,"76.47%","88.24%",NA,NA,NA,NA,NA,NA,NA,NA,NA,NA,NA,NA,NA,NA,NA,NA,NA,NA,NA,"N"
"204","Cluster_4425","evm.TU.chromosome_12.1992",-0.460986207580909,0.0469810393284361,145,-20.61,"2 20","521 538",18,"72.22%","77.78%",NA,NA,NA,NA,NA,NA,NA,NA,NA,NA,NA,NA,NA,NA,NA,NA,NA,NA,NA,"N"
"205","Cluster_492","evm.TU.chromosome_5.1965",0.481623303411599,0.0368034905368286,165,-20.89,"2 21","452 471",19,"78.95%","84.21%",NA,NA,NA,NA,NA,NA,NA,NA,NA,NA,NA,NA,NA,NA,NA,NA,NA,NA,NA,"N"
"206","Cluster_2097","evm.TU.chromosome_13.2397",0.469504159993132,0.0425483285929181,158,-20.97,"2 21","223 250",25,"72.00%","72.00%",NA,NA,NA,NA,NA,NA,NA,NA,NA,NA,NA,NA,NA,NA,NA,NA,NA,NA,NA,"N"
"207","Cluster_3037","evm.TU.chromosome_8.1710",0.723851215251282,0.000458926548237712,171,-24.38,"2 20","375 395",18,"77.78%","88.89%",560,132,141,23,36,328,80,33,388,418,183,114,1231,638,40,399,370,13,77,"Y"
"208","Cluster_3889","evm.TU.chromosome_13.68",0.622313101450713,0.00443641636512212,155,-22.77,"2 12","194 214",10,"100.00%","100.00%",NA,NA,NA,NA,NA,NA,NA,NA,NA,NA,NA,NA,NA,NA,NA,NA,NA,NA,NA,"N"
"209","Cluster_4640","evm.TU.chromosome_12.2389",0.520996146453531,0.0221776061362629,173,-20.42,"2 19","214 236",18,"88.89%","88.89%",NA,NA,NA,NA,NA,NA,NA,NA,NA,NA,NA,NA,NA,NA,NA,NA,NA,NA,NA,"N"
"210","Cluster_9000","evm.TU.chromosome_12.3383",-0.5652389084806,0.011670573790726,159,-20.24,"2 21","216 239",21,"71.43%","76.19%",NA,NA,NA,NA,NA,NA,NA,NA,NA,NA,NA,NA,NA,NA,NA,NA,NA,NA,NA,"N"
"211","Cluster_492","evm.TU.chromosome_1.1159",0.662056676078766,0.00201514649823043,150,-20.13,"2 21","134 160",24,"62.50%","75.00%",NA,NA,NA,NA,NA,NA,NA,NA,NA,NA,NA,NA,NA,NA,NA,NA,NA,NA,NA,"N"
"212","Cluster_247","evm.TU.chromosome_8.2176",-0.55201463254453,0.0142653628962701,175,-22.08,"2 21","484 506",20,"80.00%","90.00%",NA,NA,NA,NA,NA,NA,NA,NA,NA,NA,NA,NA,NA,NA,NA,NA,NA,NA,NA,"N"
"213","Cluster_2073","evm.TU.chromosome_6.2061",0.592640002859059,0.00749637151568666,155,-20.95,"2 20","493 514",18,"66.67%","77.78%",NA,NA,NA,NA,NA,NA,NA,NA,NA,NA,NA,NA,NA,NA,NA,NA,NA,NA,NA,"N"
"214","Cluster_4044","evm.TU.chromosome_3.1212",0.50814072710964,0.0263292411284973,164,-21.66,"2 21","706 727",19,"73.68%","78.95%",NA,NA,NA,NA,NA,NA,NA,NA,NA,NA,NA,NA,NA,NA,NA,NA,NA,NA,NA,"N"
"215","Cluster_137","evm.TU.chromosome_13.3827",0.544882067011172,0.0158453340066335,151,-21.63,"2 21","866 883",19,"73.68%","73.68%",0,8,0,6,194,10,685,6,7,1531,0,4,35,18,16,12,9,0,0,"Y"
"216","Cluster_1452","evm.TU.chromosome_13.3823",0.526053737213497,0.0206936002545365,156,-22.14,"2 21","444 463",19,"73.68%","84.21%",NA,NA,NA,NA,NA,NA,NA,NA,NA,NA,NA,NA,NA,NA,NA,NA,NA,NA,NA,"N"
"217","Cluster_2003","evm.TU.chromosome_3.957",-0.582860906274255,0.00881730466480152,152,-20.96,"2 21","915 934",19,"73.68%","78.95%",NA,NA,NA,NA,NA,NA,NA,NA,NA,NA,NA,NA,NA,NA,NA,NA,NA,NA,NA,"N"
"218","Cluster_4044","evm.TU.chromosome_3.957",0.612296761143675,0.00532589281257939,174,-24.23,"2 20","389 411",19,"84.21%","89.47%",NA,NA,NA,NA,NA,NA,NA,NA,NA,NA,NA,NA,NA,NA,NA,NA,NA,NA,NA,"N"
"219","Cluster_30","evm.TU.chromosome_11.2565",0.503961120662277,0.027802750168261,165,-20.98,"2 20","546 566",18,"77.78%","88.89%",NA,NA,NA,NA,NA,NA,NA,NA,NA,NA,NA,NA,NA,NA,NA,NA,NA,NA,NA,"N"
"220","Cluster_3037","evm.TU.chromosome_12.926",-0.461070139589271,0.0469357084601294,171,-25.74,"2 20","643 663",18,"83.33%","83.33%",111,376,88,12,161,180,355,47,118,149,154,278,61,73,18,165,58,15,7,"Y"
"221","Cluster_4044","evm.TU.chromosome_10.236",0.594681942528118,0.00724199993720844,162,-20.41,"2 21","462 482",19,"73.68%","84.21%",NA,NA,NA,NA,NA,NA,NA,NA,NA,NA,NA,NA,NA,NA,NA,NA,NA,NA,NA,"N"
"222","Cluster_1452","evm.TU.chromosome_10.233",0.53352990837282,0.018644961082441,156,-21.89,"2 13","968 989",11,"90.91%","100.00%",NA,NA,NA,NA,NA,NA,NA,NA,NA,NA,NA,NA,NA,NA,NA,NA,NA,NA,NA,"N"
"223","Cluster_3889","evm.TU.chromosome_7.2203",0.522583330124054,0.0217031305270137,149,-22.98,"2 19","224 249",22,"63.64%","72.73%",NA,NA,NA,NA,NA,NA,NA,NA,NA,NA,NA,NA,NA,NA,NA,NA,NA,NA,NA,"N"
"224","Cluster_2003","evm.TU.chromosome_6.611",0.499742755865532,0.0293545623949278,147,-20.93,"2 20","633 654",18,"61.11%","72.22%",NA,NA,NA,NA,NA,NA,NA,NA,NA,NA,NA,NA,NA,NA,NA,NA,NA,NA,NA,"N"
"225","Cluster_508","evm.TU.chromosome_3.1315",-0.479292566279619,0.0378588642600878,170,-23.33,"2 21","787 807",19,"78.95%","89.47%",187,0,109,14,0,0,2,0,0,0,128,0,118,127,24,16,80,0,0,"Y"
"226","Cluster_1453","evm.TU.chromosome_11.577",0.464755434138472,0.0449780360472335,141,-20.62,"2 20","67 83",18,"66.67%","72.22%",NA,NA,NA,NA,NA,NA,NA,NA,NA,NA,NA,NA,NA,NA,NA,NA,NA,NA,NA,"N"
"227","Cluster_4831","evm.TU.chromosome_9.823",0.511899593362567,0.025057015725135,159,-20.51,"2 21","623 647",22,"72.73%","72.73%",764,594,321,29,212,544,485,115,1006,410,265,509,1199,611,140,482,652,115,67,"Y"
"228","Cluster_3044","evm.TU.chromosome_6.1221",0.496952994125605,0.0304174142275922,170,-20.53,"2 21","251 271",19,"78.95%","89.47%",NA,NA,NA,NA,NA,NA,NA,NA,NA,NA,NA,NA,NA,NA,NA,NA,NA,NA,NA,"N"
"229","Cluster_1473","evm.TU.chromosome_5.561",-0.505003662188231,0.0274293085309739,167,-22.15,"2 20","970 991",18,"77.78%","83.33%",NA,NA,NA,NA,NA,NA,NA,NA,NA,NA,NA,NA,NA,NA,NA,NA,NA,NA,NA,"N"
"230","Cluster_3337","evm.TU.chromosome_14.551",-0.472951962591426,0.0408483316615628,150,-20.25,"2 20","164 186",19,"63.16%","78.95%",NA,NA,NA,NA,NA,NA,NA,NA,NA,NA,NA,NA,NA,NA,NA,NA,NA,NA,NA,"N"
"231","Cluster_3338","evm.TU.chromosome_14.551",-0.487366869002782,0.0342997757756765,150,-20.25,"2 20","164 186",19,"63.16%","78.95%",NA,NA,NA,NA,NA,NA,NA,NA,NA,NA,NA,NA,NA,NA,NA,NA,NA,NA,NA,"N"
"232","Cluster_1663","evm.TU.chromosome_6.2257",-0.485628285778397,0.0350432749983193,157,-20.76,"2 18","305 326",16,"75.00%","81.25%",NA,NA,NA,NA,NA,NA,NA,NA,NA,NA,NA,NA,NA,NA,NA,NA,NA,NA,NA,"N"
"233","Cluster_3337","evm.TU.chromosome_14.616",-0.499506430564394,0.0294434580675966,153,-21.68,"2 20","624 649",22,"68.18%","77.27%",NA,NA,NA,NA,NA,NA,NA,NA,NA,NA,NA,NA,NA,NA,NA,NA,NA,NA,NA,"N"
"234","Cluster_3338","evm.TU.chromosome_14.616",-0.51636633558959,0.0236085431071217,153,-21.68,"2 20","624 649",22,"68.18%","77.27%",NA,NA,NA,NA,NA,NA,NA,NA,NA,NA,NA,NA,NA,NA,NA,NA,NA,NA,NA,"N"
"235","Cluster_4640","evm.TU.chromosome_10.2012",-0.511322183559629,0.0252492412191785,152,-20.04,"2 15","692 712",13,"84.62%","92.31%",NA,NA,NA,NA,NA,NA,NA,NA,NA,NA,NA,NA,NA,NA,NA,NA,NA,NA,NA,"N"
"236","Cluster_1452","evm.TU.chromosome_13.3352",0.469597608548828,0.0425015478844352,168,-20.15,"2 21","533 554",19,"68.42%","89.47%",NA,NA,NA,NA,NA,NA,NA,NA,NA,NA,NA,NA,NA,NA,NA,NA,NA,NA,NA,"N"
"237","Cluster_9205","evm.TU.chromosome_10.1653",0.474824851075134,0.0399470399427337,157,-23.03,"2 21","422 441",19,"73.68%","78.95%",NA,NA,NA,NA,NA,NA,NA,NA,NA,NA,NA,NA,NA,NA,NA,NA,NA,NA,NA,"N"
"238","Cluster_9000","evm.TU.chromosome_4.824",0.50738589078043,0.0265907212530188,167,-23.18,"2 21","587 609",20,"75.00%","85.00%",NA,NA,NA,NA,NA,NA,NA,NA,NA,NA,NA,NA,NA,NA,NA,NA,NA,NA,NA,"N"
"239","Cluster_3331","evm.TU.chromosome_11.383",-0.525764851539692,0.0207761914653071,157,-23.1,"2 21","593 618",24,"70.83%","75.00%",84,0,23,0,0,49,0,0,34,0,8,0,16,37,8,0,17,0,0,"Y"
"240","Cluster_1473","evm.TU.chromosome_11.2061",0.680329136516716,0.00134845191401468,166,-20.04,"2 20","597 620",20,"80.00%","80.00%",NA,NA,NA,NA,NA,NA,NA,NA,NA,NA,NA,NA,NA,NA,NA,NA,NA,NA,NA,"N"
"241","Cluster_1453","evm.TU.chromosome_12.2148",0.480646386778433,0.0372430405356664,151,-20.01,"2 19","23 44",18,"72.22%","83.33%",NA,NA,NA,NA,NA,NA,NA,NA,NA,NA,NA,NA,NA,NA,NA,NA,NA,NA,NA,"N"
"242","Cluster_2097","evm.TU.chromosome_13.3348",0.478861906427425,0.0380564008260247,164,-20.85,"2 18","832 855",18,"77.78%","88.89%",NA,NA,NA,NA,NA,NA,NA,NA,NA,NA,NA,NA,NA,NA,NA,NA,NA,NA,NA,"N"
"243","Cluster_1452","evm.TU.chromosome_14.159",0.474317864803775,0.0401894912248604,168,-24.42,"2 21","508 529",19,"73.68%","84.21%",NA,NA,NA,NA,NA,NA,NA,NA,NA,NA,NA,NA,NA,NA,NA,NA,NA,NA,NA,"N"
"244","Cluster_1453","evm.TU.chromosome_12.2849",0.539745134122181,0.0170673740130777,162,-24.38,"2 20","812 834",19,"68.42%","89.47%",NA,NA,NA,NA,NA,NA,NA,NA,NA,NA,NA,NA,NA,NA,NA,NA,NA,NA,NA,"N"
"245","Cluster_860","evm.TU.chromosome_5.1580",0.695575616127436,0.000943795058871584,151,-21.51,"2 21","217 242",23,"65.22%","69.57%",NA,NA,NA,NA,NA,NA,NA,NA,NA,NA,NA,NA,NA,NA,NA,NA,NA,NA,NA,"N"
"246","Cluster_492","evm.TU.chromosome_12.1788",0.456309920524705,0.0495598994716169,168,-24.16,"2 21","690 711",19,"78.95%","78.95%",NA,NA,NA,NA,NA,NA,NA,NA,NA,NA,NA,NA,NA,NA,NA,NA,NA,NA,NA,"N"
"247","Cluster_4754","evm.TU.chromosome_5.213",0.856932310519616,2.79454521355992e-06,163,-21.95,"2 21","755 778",21,"76.19%","76.19%",NA,NA,NA,NA,NA,NA,NA,NA,NA,NA,NA,NA,NA,NA,NA,NA,NA,NA,NA,"N"
"248","Cluster_1452","evm.TU.chromosome_13.3180",-0.456166280026565,0.0496407843160013,166,-21.57,"2 21","369 392",21,"80.95%","80.95%",NA,NA,NA,NA,NA,NA,NA,NA,NA,NA,NA,NA,NA,NA,NA,NA,NA,NA,NA,"N"
"249","Cluster_4044","evm.TU.chromosome_8.1352",0.635834438935209,0.00343265606287757,165,-20.19,"2 18","600 621",16,"81.25%","87.50%",NA,NA,NA,NA,NA,NA,NA,NA,NA,NA,NA,NA,NA,NA,NA,NA,NA,NA,NA,"N"
"250","Cluster_2003","evm.TU.chromosome_6.2122",0.503187746900944,0.028082335720962,147,-24.91,"2 20","879 900",18,"61.11%","72.22%",NA,NA,NA,NA,NA,NA,NA,NA,NA,NA,NA,NA,NA,NA,NA,NA,NA,NA,NA,"N"
"251","Cluster_8986","evm.TU.chromosome_13.1116",0.639736743152977,0.00318069784244559,168,-20.52,"2 17","668 689",15,"80.00%","100.00%",NA,NA,NA,NA,NA,NA,NA,NA,NA,NA,NA,NA,NA,NA,NA,NA,NA,NA,NA,"N"
"252","Cluster_9082","evm.TU.chromosome_13.1116",0.56102220330262,0.0124529078909855,158,-20.52,"2 19","273 294",17,"70.59%","82.35%",NA,NA,NA,NA,NA,NA,NA,NA,NA,NA,NA,NA,NA,NA,NA,NA,NA,NA,NA,"N"
"253","Cluster_4425","evm.TU.chromosome_11.2744",-0.530588554663901,0.0194308127855,162,-23.72,"2 19","15 36",17,"76.47%","82.35%",NA,NA,NA,NA,NA,NA,NA,NA,NA,NA,NA,NA,NA,NA,NA,NA,NA,NA,NA,"N"
"254","Cluster_4754","evm.TU.chromosome_4.1484",-0.573942146833778,0.0101807553593138,157,-20.46,"2 20","902 925",20,"75.00%","80.00%",NA,NA,NA,NA,NA,NA,NA,NA,NA,NA,NA,NA,NA,NA,NA,NA,NA,NA,NA,"N"
"255","Cluster_1452","evm.TU.chromosome_7.64",0.539684643009987,0.0170821984209826,170,-27.87,"2 20","587 609",19,"78.95%","89.47%",NA,NA,NA,NA,NA,NA,NA,NA,NA,NA,NA,NA,NA,NA,NA,NA,NA,NA,NA,"N"
"256","Cluster_4640","evm.TU.chromosome_13.2079",0.465027016748374,0.0448362807144176,161,-21.65,"2 20","33 59",23,"73.91%","78.26%",NA,NA,NA,NA,NA,NA,NA,NA,NA,NA,NA,NA,NA,NA,NA,NA,NA,NA,NA,"N"
"257","Cluster_9082","evm.TU.chromosome_7.617",0.505418784729131,0.0272817080754476,163,-21.6,"2 21","510 532",20,"70.00%","85.00%",NA,NA,NA,NA,NA,NA,NA,NA,NA,NA,NA,NA,NA,NA,NA,NA,NA,NA,NA,"N"
"258","Cluster_3338","evm.TU.chromosome_2.81",-0.461162798309479,0.0468857031741677,151,-21.74,"2 21","890 915",23,"65.22%","69.57%",NA,NA,NA,NA,NA,NA,NA,NA,NA,NA,NA,NA,NA,NA,NA,NA,NA,NA,NA,"N"
"259","Cluster_4640","evm.TU.chromosome_8.809",0.4669091200177,0.0438632732346274,168,-23.28,"2 21","425 446",19,"78.95%","78.95%",NA,NA,NA,NA,NA,NA,NA,NA,NA,NA,NA,NA,NA,NA,NA,NA,NA,NA,NA,"N"
"260","Cluster_1765","evm.TU.chromosome_2.644",0.580545153636092,0.0091561945381704,172,-21.74,"2 20","443 464",19,"89.47%","89.47%",329,1368,199,14,161,234,803,84,281,313,232,431,306,339,48,171,275,21,38,"Y"
"261","Cluster_3406","evm.TU.chromosome_12.2979",-0.521015056675831,0.0221719053139848,162,-20.46,"2 21","863 883",19,"73.68%","84.21%",NA,NA,NA,NA,NA,NA,NA,NA,NA,NA,NA,NA,NA,NA,NA,NA,NA,NA,NA,"N"
"262","Cluster_4425","evm.TU.chromosome_7.2140",0.497375294739448,0.0302546268044077,169,-25.78,"2 19","80 102",18,"77.78%","94.44%",NA,NA,NA,NA,NA,NA,NA,NA,NA,NA,NA,NA,NA,NA,NA,NA,NA,NA,NA,"N"
"263","Cluster_137","evm.TU.chromosome_4.1855",-0.587316514128079,0.00819385427432666,158,-22.96,"2 16","153 175",15,"86.67%","86.67%",811,160,209,46,35,189,92,104,607,206,196,142,595,755,82,665,429,96,40,"Y"
"264","Cluster_2003","evm.TU.chromosome_2.657",-0.502873823195856,0.0281964489412311,152,-22.41,"2 20","219 238",18,"72.22%","77.78%",NA,NA,NA,NA,NA,NA,NA,NA,NA,NA,NA,NA,NA,NA,NA,NA,NA,NA,NA,"N"
"265","Cluster_3331","evm.TU.chromosome_11.1863",0.691331224965366,0.00104454014791139,163,-22,"2 18","391 415",19,"84.21%","84.21%",92,505,77,0,110,61,785,14,73,78,90,609,17,82,23,58,93,0,7,"Y"
"266","Cluster_3337","evm.TU.chromosome_11.1863",-0.498237766661952,0.0299242738404476,163,-22,"2 18","391 415",19,"84.21%","84.21%",92,505,77,0,110,61,785,14,73,78,90,609,17,82,23,58,93,0,7,"Y"
"267","Cluster_3338","evm.TU.chromosome_11.1863",-0.51061005597359,0.0254879083122056,163,-22,"2 18","391 415",19,"84.21%","84.21%",92,505,77,0,110,61,785,14,73,78,90,609,17,82,23,58,93,0,7,"Y"
"268","Cluster_4044","evm.TU.chromosome_7.1398",0.51605777930587,0.02370643087595,157,-20.49,"2 15","681 703",14,"85.71%","92.86%",NA,NA,NA,NA,NA,NA,NA,NA,NA,NA,NA,NA,NA,NA,NA,NA,NA,NA,NA,"N"
"269","Cluster_3331","evm.TU.chromosome_4.166",0.656642927554956,0.00225851012148541,166,-22.71,"2 19","731 752",17,"76.47%","88.24%",NA,NA,NA,NA,NA,NA,NA,NA,NA,NA,NA,NA,NA,NA,NA,NA,NA,NA,NA,"N"
"270","Cluster_4425","evm.TU.chromosome_12.433",0.527501985156682,0.0202834581238043,150,-22.74,"2 21","212 230",20,"75.00%","75.00%",NA,NA,NA,NA,NA,NA,NA,NA,NA,NA,NA,NA,NA,NA,NA,NA,NA,NA,NA,"N"
"271","Cluster_1473","evm.TU.chromosome_13.2683",0.522140660701568,0.0218346491888275,154,-20.15,"2 21","691 711",19,"73.68%","73.68%",NA,NA,NA,NA,NA,NA,NA,NA,NA,NA,NA,NA,NA,NA,NA,NA,NA,NA,NA,"N"
"272","Cluster_1452","evm.TU.chromosome_4.641",0.498057440337475,0.0299931105691194,167,-20.49,"2 21","125 148",21,"71.43%","85.71%",NA,NA,NA,NA,NA,NA,NA,NA,NA,NA,NA,NA,NA,NA,NA,NA,NA,NA,NA,"N"
