tag id,miRDeep2 score,estimated probability that the miRNA is a true positive,rfam alert,total read count,mature read count,loop read count,star read count,significant randfold p-value,mature miRBase miRNA,example miRBase miRNA with the same seed,UCSC browser,NCBI blastn,consensus mature sequence,consensus star sequence,consensus precursor sequence,precursor coordinate
chromosome_12_481048,3216.6,85 +/- 2%,-,6306,6298,0,8,yes,spi-mir-temp-14_Stylophora_pistillata_Liew_et_al._2014_NA,-,-,-,caauguuucggcuuguuccc,gugcaagccgaaacauugua,caauguuucggcuuguucccguucuugggugcaagccgaaacauugua,chromosome_12:19826692..19826740:+
chromosome_5_155769,1538.5,85 +/- 2%,-,3015,3006,0,9,yes,adi-nve-F-miR-2025_Acropora_digitifera__Praher_et_al._2021_NA,-,-,-,auuuuuagcccgcggaaguugc,aacuuucacugguuaaaaauucc,aacuuucacugguuaaaaauuccuuuaugugaauuuuuagcccgcggaaguugc,chromosome_5:26230036..26230090:+
chromosome_7_251368,1415.1,85 +/- 2%,-,2773,2707,0,66,yes,eca-nve-F-miR-2036_Edwardsiella_carnea_Praher_et_al._2021_Transcriptome-level,-,-,-,uauauuguacgacucucaucgu,ggugaaagucgucucaauaaaca,ggugaaagucgucucaauaaacauuuuacuguauauuguacgacucucaucgu,chromosome_7:2303838..2303891:-
chromosome_8_298377,882.5,85 +/- 2%,-,1729,1710,0,19,yes,miR-2030_Nematostella_vectensis_Moran_et_al._2014_NA,-,-,-,uagcauaacauuguaagagauc,ccucuugcacuguugugcugucc,uagcauaacauuguaagagaucuucauggccucuugcacuguugugcugucc,chromosome_8:4117902..4117954:-
chromosome_12_503770,760.6,85 +/- 2%,-,1491,1466,0,25,yes,ami-nve-F-miR-2022-3p_Acropora_millepora_Praher_et_al._2021_NA,-,-,-,uuugcuaguugcuuuugucccguu,aaggcaaaagcuucaagcacaug,aaggcaaaagcuucaagcacauguuuaucauuugcuaguugcuuuugucccguu,chromosome_12:6479796..6479850:-
chromosome_6_196552,518.5,85 +/- 2%,-,1014,937,0,77,yes,miR-9425_Nematostella_vectensis_Moran_et_al._2014_NA,-,-,-,aagaacacccaaaauagcugaa,cagcuauguugaguguucucauu,aagaacacccaaaauagcugaauuuucuucagcuauguugaguguucucauu,chromosome_6:21902755..21902807:+
chromosome_7_266539,2.4,90 +/- 1%,-,591480,585152,0,6328,yes,ola-miR-100_MIMAT0022614_Oryzias_latipes_miR-100,-,-,-,acccguagauccgaacuugu,acaaguucggcuccauggucc,acccguagauccgaacuugugggauuuuucuccacaaguucggcuccauggucc,chromosome_7:21599196..21599250:-
chromosome_4_135958,2.1,90 +/- 1%,-,1673,1673,0,0,yes,apa-mir-2050_Exaiptasia_pallida_Baumgarten_et_al._2017_miR-2050;_Nve;_Spis;_Adi,-,-,-,uuugauugcugugaucugguug,accugcucauugcaauuaaaga,accugcucauugcaauuaaagaucuuguuauguuugauugcugugaucugguug,chromosome_4:27098906..27098960:-
chromosome_14_711952,1.9,86 +/- 1%,-,3318,2438,0,880,yes,spi-nve-F-miR-2037_Stylophora_pistillata_Praher_et_al._2021_NA,-,-,-,ugugauuggagacuuuuaucgu,ugaaagucuugaaucaagcu,ugaaagucuugaaucaagcucuuuaugaagugugauuggagacuuuuaucgu,chromosome_14:8601360..8601412:-
chromosome_6_203321,0,73 +/- 1%,rRNA,75,75,0,0,yes,mmu-miR-466i-5p_MIMAT0017325_Mus_musculus_miR-466i-5p,-,-,-,ugugugugugugugugug,gaucacacacacagaca,uguguguguguguguguguuuuauuuuuauuguuuuuuuguaaacagaucacacacacagaca,chromosome_6:596084..596147:-
chromosome_13_538218,-2.3,45 +/- 1%,-,494,494,0,0,no,mse-miR-2779_MIMAT0024425_Manduca_sexta_miR-2779,-,-,-,auccggcucgaaggacca,guccugcuugagguauggcc,auccggcucgaaggaccaggagcguguugguccugcuugagguauggcc,chromosome_13:8670087..8670136:+
chromosome_8_288492,-4.1,16 +/- 1%,-,2007,2007,0,0,no,cgr-miR-1260_MIMAT0023746_Cricetulus_griseus_miR-1260,-,-,-,aucccaccgcugccacca,guucgugggcggacaa,aucccaccgcugccaccauguugauuugguucgugggcggacaa,chromosome_8:21046784..21046828:+
chromosome_12_469058,-4.1,16 +/- 1%,-,2007,2007,0,0,no,cgr-miR-1260_MIMAT0023746_Cricetulus_griseus_miR-1260,-,-,-,aucccaccgcugccacca,guucgugggcggacaa,aucccaccgcugccaccauguugauuugguucgugggcggacaa,chromosome_12:3658442..3658486:+
chromosome_9_325997,-4.6,16 +/- 1%,-,9054,9054,0,0,no,mmu-miR-3963_MIMAT0019341_Mus_musculus_miR-3963,-,-,-,aucccacuucugacacca,ggucagggaaaggaggg,ggucagggaaaggagggcuagagaaagccaaaaugcuuuuaaacggcuuaaaacggcuuguaucccacuucugacacca,chromosome_9:13106853..13106932:+
chromosome_2_51144,-7.2,0 +/- 0%,-,943,940,3,0,no,gmo-miR-7550-5p_MIMAT0044425_Gadus_morhua_miR-7550-5p,-,-,-,cuccggcucgaaggacca,uuccuucgcagccugacgg,uuccuucgcagccugacggcguaauuucucgaauuucuucucaaucuccggcucgaaggacca,chromosome_2:4554088..4554151:-
chromosome_6_197183,-8.7,0 +/- 0%,-,8878,8878,0,0,no,bta-miR-2478_MIMAT0012070_Bos_taurus_miR-2478,-,-,-,aucccacuucugacacca,gcuguccucuguggagauuc,gcuguccucuguggagauucccugccuucuguggauccguaucccacuucugacacca,chromosome_6:22925849..22925907:+